"status","httpStatus","kind","slug","sourceUrl","checkedUrl","redirectTo","usedBy","error"
"blocked","403","official","jo-malone-1","https://www.jomalone.jp/product/25946/10101/colognes/lime-basil-mandarin-cologne","https://www.jomalone.jp/product/25946/10101/colognes/lime-basil-mandarin-cologne","","jo-malone-1:official|jo-malone-1:source",""
"timeout","","rakuten","jo-malone-1","https://af.moshimo.com/af/c/click?a_id=5718841&p_id=54&pc_id=54&pl_id=616&url=https%3A%2F%2Fitem.rakuten.co.jp%2Fjomalone%2F10101l00301%2F","https://item.rakuten.co.jp/jomalone/10101l00301/","","jo-malone-1:rakuten","This operation was aborted"
"blocked","403","official","acqua-di-parma-1","https://www.acquadiparma.com/en/gb/colonia/COLONIAEDCRP.html","https://www.acquadiparma.com/en/gb/colonia/COLONIAEDCRP.html","","acqua-di-parma-1:official|acqua-di-parma-1:source",""
"timeout","","rakuten","acqua-di-parma-1","https://af.moshimo.com/af/c/click?a_id=5718841&p_id=54&pc_id=54&pl_id=616&url=https%3A%2F%2Fitem.rakuten.co.jp%2Fkousuimonogatari%2Fadp1003%2F","https://item.rakuten.co.jp/kousuimonogatari/adp1003/","","acqua-di-parma-1:rakuten","This operation was aborted"
"blocked","403","official","dior-1","https://www.dior.com/ja_jp/beauty/products/%E3%82%AA%E3%83%BC-%E3%82%BD%E3%83%90%E3%83%BC%E3%82%B8%E3%83%A5-%E3%82%AA%E3%83%BC%E3%83%89%E3%82%A5-%E3%83%88%E3%83%AF%E3%83%AC-Y0097001.html","https://www.dior.com/ja_jp/beauty/products/%E3%82%AA%E3%83%BC-%E3%82%BD%E3%83%90%E3%83%BC%E3%82%B8%E3%83%A5-%E3%82%AA%E3%83%BC%E3%83%89%E3%82%A5-%E3%83%88%E3%83%AF%E3%83%AC-Y0097001.html","","dior-1:official|dior-1:source",""
"timeout","","rakuten","dior-1","https://af.moshimo.com/af/c/click?a_id=5718841&p_id=54&pc_id=54&pl_id=616&url=https%3A%2F%2Fitem.rakuten.co.jp%2Fcosmelink%2Fb3348900627499%2F","https://item.rakuten.co.jp/cosmelink/b3348900627499/","","dior-1:rakuten","This operation was aborted"
"redirect","302","official","4711-1","https://4711.com/en/products/4711-echt-kolnisch-wasser-splash","https://4711.com/en/products/4711-echt-kolnisch-wasser-splash","https://4711.com/products/4711-echt-kolnisch-wasser-splash","4711-1:official|4711-1:source",""
"timeout","","rakuten","4711-1","https://af.moshimo.com/af/c/click?a_id=5718841&p_id=54&pc_id=54&pl_id=616&url=https%3A%2F%2Fitem.rakuten.co.jp%2Fkousuimonogatari%2Fyon1004%2F","https://item.rakuten.co.jp/kousuimonogatari/yon1004/","","4711-1:rakuten","This operation was aborted"
"blocked","403","official","guerlain-1","https://www.guerlain.com/fr/fr-fr/p/les-colognes-eau-de-cologne-imperiale-021766.html","https://www.guerlain.com/fr/fr-fr/p/les-colognes-eau-de-cologne-imperiale-021766.html","","guerlain-1:official|guerlain-1:source",""
"timeout","","rakuten","guerlain-1","https://af.moshimo.com/af/c/click?a_id=5718841&p_id=54&pc_id=54&pl_id=616&url=https%3A%2F%2Fitem.rakuten.co.jp%2Frareu%2F2023093037%2F","https://item.rakuten.co.jp/rareu/2023093037/","","guerlain-1:rakuten","This operation was aborted"
"ok","200","official","dolce-gabbana-1","https://www.dolcegabbana.com/en-gb/beauty/perfumes-for-him/light-blue-pour-homme/light-blue-pour-homme-eau-de-toilette---VT01CPVT0009V000.html","https://www.dolcegabbana.com/en-gb/beauty/perfumes-for-him/light-blue-pour-homme/light-blue-pour-homme-eau-de-toilette---VT01CPVT0009V000.html","","dolce-gabbana-1:official|dolce-gabbana-1:source",""
"timeout","","rakuten","dolce-gabbana-1","https://af.moshimo.com/af/c/click?a_id=5718841&p_id=54&pc_id=54&pl_id=616&url=https%3A%2F%2Fitem.rakuten.co.jp%2Fkousuimonogatari%2F1082458%2F","https://item.rakuten.co.jp/kousuimonogatari/1082458/","","dolce-gabbana-1:rakuten","This operation was aborted"
"timeout","","rakuten","hermes-2","https://af.moshimo.com/af/c/click?a_id=5718841&p_id=54&pc_id=54&pl_id=616&url=https%3A%2F%2Fitem.rakuten.co.jp%2Fcoscora%2F30118%2F","https://item.rakuten.co.jp/coscora/30118/","","hermes-2:rakuten","This operation was aborted"
"ok","200","source","hermes-2","https://presse.hermes.com/parfum-beaute/wp-content/uploads/2019/07/cadb46dda518c7c50d5aa3e1aac935ae.pdf","https://presse.hermes.com/parfum-beaute/wp-content/uploads/2019/07/cadb46dda518c7c50d5aa3e1aac935ae.pdf","","hermes-2:source",""
"blocked","403","official","dior-2","https://www.dior.com/ja_jp/beauty/products/%E3%82%BD%E3%83%B4%E3%82%A1%E3%83%BC%E3%82%B8%E3%83%A5-%E3%82%AA%E3%83%BC%E3%83%89%E3%82%A5-%E3%83%88%E3%83%AF%E3%83%AC-Y0685240.html","https://www.dior.com/ja_jp/beauty/products/%E3%82%BD%E3%83%B4%E3%82%A1%E3%83%BC%E3%82%B8%E3%83%A5-%E3%82%AA%E3%83%BC%E3%83%89%E3%82%A5-%E3%83%88%E3%83%AF%E3%83%AC-Y0685240.html","","dior-2:official|dior-2:source",""
"timeout","","rakuten","dior-2","https://af.moshimo.com/af/c/click?a_id=5718841&p_id=54&pc_id=54&pl_id=616&url=https%3A%2F%2Fitem.rakuten.co.jp%2Fblanc-lapin%2Fdir3f0000042%2F","https://item.rakuten.co.jp/blanc-lapin/dir3f0000042/","","dior-2:rakuten","This operation was aborted"
"timeout","","rakuten","ck-1","https://af.moshimo.com/af/c/click?a_id=5718841&p_id=54&pc_id=54&pl_id=616&url=https%3A%2F%2Fitem.rakuten.co.jp%2Ffragrance-u%2Fca-oneetsp%2F","https://item.rakuten.co.jp/fragrance-u/ca-oneetsp/","","ck-1:rakuten","This operation was aborted"
"blocked","403","source","ck-1","https://www.calvinklein.us/en/ck-one-gift-set/LX001954.html","https://www.calvinklein.us/en/ck-one-gift-set/LX001954.html","","ck-1:source",""
"timeout","","official","montblanc-1","https://www.montblanc.com/en-us/legend-eau-de-toilette-100-ml-MB107460.html","https://www.montblanc.com/en-us/legend-eau-de-toilette-100-ml-MB107460.html","","montblanc-1:official|montblanc-1:source","This operation was aborted"
"timeout","","rakuten","montblanc-1","https://af.moshimo.com/af/c/click?a_id=5718841&p_id=54&pc_id=54&pl_id=616&url=https%3A%2F%2Fitem.rakuten.co.jp%2Fkousuiandco%2Fpage-mon007-030%2F","https://item.rakuten.co.jp/kousuiandco/page-mon007-030/","","montblanc-1:rakuten","This operation was aborted"
"ok","200","official","azzaro-1","https://www.azzaro.com/en/fragrances/azzaro-pour-homme/eau-de-toilette","https://www.azzaro.com/en/fragrances/azzaro-pour-homme/eau-de-toilette","","azzaro-1:official|azzaro-1:source",""
"timeout","","rakuten","azzaro-1","https://af.moshimo.com/af/c/click?a_id=5718841&p_id=54&pc_id=54&pl_id=616&url=https%3A%2F%2Fitem.rakuten.co.jp%2Fkousuimonogatari%2F1021975%2F","https://item.rakuten.co.jp/kousuimonogatari/1021975/","","azzaro-1:rakuten","This operation was aborted"
"blocked","403","official","chanel-1","https://www.chanel.com/jp/fragrance/p/123630/allure-homme-sport-eau-de-toilette-spray/","https://www.chanel.com/jp/fragrance/p/123630/allure-homme-sport-eau-de-toilette-spray/","","chanel-1:official|chanel-1:source",""
"timeout","","rakuten","chanel-1","https://af.moshimo.com/af/c/click?a_id=5718841&p_id=54&pc_id=54&pl_id=616&url=https%3A%2F%2Fitem.rakuten.co.jp%2Fkousuiandco%2Fcha008-150%2F","https://item.rakuten.co.jp/kousuiandco/cha008-150/","","chanel-1:rakuten","This operation was aborted"
"timeout","","rakuten","paco-rabanne-1","https://af.moshimo.com/af/c/click?a_id=5718841&p_id=54&pc_id=54&pl_id=616&url=https%3A%2F%2Fitem.rakuten.co.jp%2Fdiogreco%2Fpr-pacorabannepourhommedt-100ml%2F","https://item.rakuten.co.jp/diogreco/pr-pacorabannepourhommedt-100ml/","","paco-rabanne-1:rakuten","This operation was aborted"
"ok","200","official","nautica-1","https://www.nautica.com/nautica-voyage-3.4-oz.-eau-de-toilette/99350241601.html","https://www.nautica.com/nautica-voyage-3.4-oz.-eau-de-toilette/99350241601.html","","nautica-1:official|nautica-1:source",""
"timeout","","rakuten","nautica-1","https://af.moshimo.com/af/c/click?a_id=5718841&p_id=54&pc_id=54&pl_id=616&url=https%3A%2F%2Fitem.rakuten.co.jp%2Fkousuimonogatari%2Fnau1041%2F","https://item.rakuten.co.jp/kousuimonogatari/nau1041/","","nautica-1:rakuten","This operation was aborted"
"blocked","403","official","guerlain-2","https://www.guerlain.com/fr/fr-fr/p/vetiver-de-guerlain-paris-eau-de-toilette-G030486.html","https://www.guerlain.com/fr/fr-fr/p/vetiver-de-guerlain-paris-eau-de-toilette-G030486.html","","guerlain-2:official|guerlain-2:source",""
"timeout","","rakuten","guerlain-2","https://af.moshimo.com/af/c/click?a_id=5718841&p_id=54&pc_id=54&pl_id=616&url=https%3A%2F%2Fitem.rakuten.co.jp%2Frareu%2F2024032114%2F","https://item.rakuten.co.jp/rareu/2024032114/","","guerlain-2:rakuten","This operation was aborted"
"blocked","403","official","chanel-2","https://www.chanel.com/jp/fragrance/p/124460/platinum-egoiste-eau-de-toilette-spray/","https://www.chanel.com/jp/fragrance/p/124460/platinum-egoiste-eau-de-toilette-spray/","","chanel-2:official|chanel-2:source",""
"timeout","","rakuten","chanel-2","https://af.moshimo.com/af/c/click?a_id=5718841&p_id=54&pc_id=54&pl_id=616&url=https%3A%2F%2Fitem.rakuten.co.jp%2Faquabouquet%2Fcha00320%2F","https://item.rakuten.co.jp/aquabouquet/cha00320/","","chanel-2:rakuten","This operation was aborted"
"timeout","","official","gucci-1","https://www.gucci.com/us/en/pr/beauty/fragrances/fragrances-for-men/gucci-guilty-pour-homme-90ml-eau-de-toilette-p-563057999990099","https://www.gucci.com/us/en/pr/beauty/fragrances/fragrances-for-men/gucci-guilty-pour-homme-90ml-eau-de-toilette-p-563057999990099","","gucci-1:official|gucci-1:source","This operation was aborted"
"timeout","","rakuten","gucci-1","https://af.moshimo.com/af/c/click?a_id=5718841&p_id=54&pc_id=54&pl_id=616&url=https%3A%2F%2Fitem.rakuten.co.jp%2Fkousuiandco%2Fpage-guc016-050%2F","https://item.rakuten.co.jp/kousuiandco/page-guc016-050/","","gucci-1:rakuten","This operation was aborted"
"blocked","403","official","dior-3","https://www.dior.com/ja_jp/beauty/products/%E3%82%BD%E3%83%B4%E3%82%A1%E3%83%BC%E3%82%B8%E3%83%A5-%E3%82%AA%E3%83%BC%E3%83%89%E3%82%A5-%E3%83%91%E3%83%AB%E3%83%95%E3%82%A1%E3%83%B3-Y0785220.html","https://www.dior.com/ja_jp/beauty/products/%E3%82%BD%E3%83%B4%E3%82%A1%E3%83%BC%E3%82%B8%E3%83%A5-%E3%82%AA%E3%83%BC%E3%83%89%E3%82%A5-%E3%83%91%E3%83%AB%E3%83%95%E3%82%A1%E3%83%B3-Y0785220.html","","dior-3:official|dior-3:source",""
"timeout","","rakuten","dior-3","https://af.moshimo.com/af/c/click?a_id=5718841&p_id=54&pc_id=54&pl_id=616&url=https%3A%2F%2Fitem.rakuten.co.jp%2Fwish%2F10047089%2F","https://item.rakuten.co.jp/wish/10047089/","","dior-3:rakuten","This operation was aborted"
"blocked","403","official","calvin-klein-1","https://www.calvinklein.us/en/men/fragrance/fragrance/eternity-eau-de-toilette-for-men/LX000145-000.html","https://www.calvinklein.us/en/men/fragrance/fragrance/eternity-eau-de-toilette-for-men/LX000145-000.html","","calvin-klein-1:official|calvin-klein-1:source",""
"timeout","","rakuten","calvin-klein-1","https://af.moshimo.com/af/c/click?a_id=5718841&p_id=54&pc_id=54&pl_id=616&url=https%3A%2F%2Fitem.rakuten.co.jp%2Fkousuimonogatari%2F571691%2F","https://item.rakuten.co.jp/kousuimonogatari/571691/","","calvin-klein-1:rakuten","This operation was aborted"
"ok","200","official","ysl-2","https://www.yslbeauty.com/int/fragrance/fragrance-for-her/libre/libre-eau-de-parfum/WW-50424YSL.html","https://www.yslbeauty.com/int/fragrance/fragrance-for-her/libre/libre-eau-de-parfum/WW-50424YSL.html","","ysl-2:official|ysl-2:source",""
"timeout","","rakuten","ysl-2","https://af.moshimo.com/af/c/click?a_id=5718841&p_id=54&pc_id=54&pl_id=616&url=https%3A%2F%2Fitem.rakuten.co.jp%2Fyslbeauty%2Fww-50424ysl%2F","https://item.rakuten.co.jp/yslbeauty/ww-50424ysl/","","ysl-2:rakuten","This operation was aborted"
"blocked","403","official","chanel-3","https://www.chanel.com/jp/fragrance/p/126320/chance-eau-tendre-eau-de-toilette-spray/","https://www.chanel.com/jp/fragrance/p/126320/chance-eau-tendre-eau-de-toilette-spray/","","chanel-3:official|chanel-3:source",""
"timeout","","rakuten","chanel-3","https://af.moshimo.com/af/c/click?a_id=5718841&p_id=54&pc_id=54&pl_id=616&url=https%3A%2F%2Fitem.rakuten.co.jp%2Fbrilliantworld%2Fchanel-chance-edp%2F","https://item.rakuten.co.jp/brilliantworld/chanel-chance-edp/","","chanel-3:rakuten","This operation was aborted"
"blocked","403","official","dior-4","https://www.dior.com/ja_jp/beauty/products/%E3%82%B8%E3%83%A3%E3%83%89%E3%83%BC%E3%83%AB-%E3%82%AA%E3%83%BC%E3%83%89%E3%82%A5-%E3%83%91%E3%83%AB%E3%83%95%E3%82%A1%E3%83%B3-Y0998031.html","https://www.dior.com/ja_jp/beauty/products/%E3%82%B8%E3%83%A3%E3%83%89%E3%83%BC%E3%83%AB-%E3%82%AA%E3%83%BC%E3%83%89%E3%82%A5-%E3%83%91%E3%83%AB%E3%83%95%E3%82%A1%E3%83%B3-Y0998031.html","","dior-4:official|dior-4:source",""
"timeout","","rakuten","dior-4","https://af.moshimo.com/af/c/click?a_id=5718841&p_id=54&pc_id=54&pl_id=616&url=https%3A%2F%2Fitem.rakuten.co.jp%2Fwish%2F1516362%2F","https://item.rakuten.co.jp/wish/1516362/","","dior-4:rakuten","This operation was aborted"
"timeout","","official","gucci-2","https://www.gucci.com/us/en/pr/beauty/fragrances/fragrances-for-women/gucci-bloom/gucci-bloom-100ml-eau-de-parfum-p-488830999990099","https://www.gucci.com/us/en/pr/beauty/fragrances/fragrances-for-women/gucci-bloom/gucci-bloom-100ml-eau-de-parfum-p-488830999990099","","gucci-2:official|gucci-2:source","This operation was aborted"
"timeout","","rakuten","gucci-2","https://af.moshimo.com/af/c/click?a_id=5718841&p_id=54&pc_id=54&pl_id=616&url=https%3A%2F%2Fitem.rakuten.co.jp%2Fkousuiandco%2Fpage-guc044-100%2F","https://item.rakuten.co.jp/kousuiandco/page-guc044-100/","","gucci-2:rakuten","This operation was aborted"
"timeout","","rakuten","gucci-3","https://af.moshimo.com/af/c/click?a_id=5718841&p_id=54&pc_id=54&pl_id=616&url=https%3A%2F%2Fitem.rakuten.co.jp%2Fwish%2F10044316%2F","https://item.rakuten.co.jp/wish/10044316/","","gucci-3:rakuten","This operation was aborted"
"timeout","","rakuten","gucci-4","https://af.moshimo.com/af/c/click?a_id=5718841&p_id=54&pc_id=54&pl_id=616&url=https%3A%2F%2Fitem.rakuten.co.jp%2Fbelmo%2Ffr3616304175893%2F","https://item.rakuten.co.jp/belmo/fr3616304175893/","","gucci-4:rakuten","This operation was aborted"
"timeout","","rakuten","gucci-5","https://af.moshimo.com/af/c/click?a_id=5718841&p_id=54&pc_id=54&pl_id=616&url=https%3A%2F%2Fitem.rakuten.co.jp%2Fhline-international%2F709436%2F","https://item.rakuten.co.jp/hline-international/709436/","","gucci-5:rakuten","This operation was aborted"
"timeout","","rakuten","gucci-6","https://af.moshimo.com/af/c/click?a_id=5718841&p_id=54&pc_id=54&pl_id=616&url=https%3A%2F%2Fitem.rakuten.co.jp%2Fbelmo%2Ffr3614225299520%2F","https://item.rakuten.co.jp/belmo/fr3614225299520/","","gucci-6:rakuten","This operation was aborted"
"blocked","403","official","jo-malone-2","https://www.jomalone.jp/product/25946/12553/colognes/english-pear-freesia-cologne","https://www.jomalone.jp/product/25946/12553/colognes/english-pear-freesia-cologne","","jo-malone-2:official|jo-malone-2:source",""
"timeout","","rakuten","jo-malone-2","https://af.moshimo.com/af/c/click?a_id=5718841&p_id=54&pc_id=54&pl_id=616&url=https%3A%2F%2Fitem.rakuten.co.jp%2Fcosme-venus%2F0690251019090%2F","https://item.rakuten.co.jp/cosme-venus/0690251019090/","","jo-malone-2:rakuten","This operation was aborted"
"ok","200","official","marc-jacobs-1","https://www.marcjacobs.com/us-en/daisy-eau-de-toilette-100-ml/31655513034-000.html","https://www.marcjacobs.com/us-en/daisy-eau-de-toilette-100-ml/31655513034-000.html","","marc-jacobs-1:official|marc-jacobs-1:source",""
"timeout","","rakuten","marc-jacobs-1","https://af.moshimo.com/af/c/click?a_id=5718841&p_id=54&pc_id=54&pl_id=616&url=https%3A%2F%2Fitem.rakuten.co.jp%2Fosharecafe%2F5000547_1%2F","https://item.rakuten.co.jp/osharecafe/5000547_1/","","marc-jacobs-1:rakuten","This operation was aborted"
"blocked","403","official","jo-malone-3","https://www.jomalone.jp/product/25946/27028/colognes/peony-blush-suede-cologne","https://www.jomalone.jp/product/25946/27028/colognes/peony-blush-suede-cologne","","jo-malone-3:official|jo-malone-3:source",""
"timeout","","rakuten","jo-malone-3","https://af.moshimo.com/af/c/click?a_id=5718841&p_id=54&pc_id=54&pl_id=616&url=https%3A%2F%2Fitem.rakuten.co.jp%2Fjomalone%2F27028l3ae01%2F","https://item.rakuten.co.jp/jomalone/27028l3ae01/","","jo-malone-3:rakuten","This operation was aborted"
"blocked","403","official","versace-1","https://www.versace.com/us/en/men/accessories/fragrances-body-care/eros/eros-edt-100-ml-blue/R740010-R100MLS_RTU_TU_RNUL__.html","https://www.versace.com/us/en/men/accessories/fragrances-body-care/eros/eros-edt-100-ml-blue/R740010-R100MLS_RTU_TU_RNUL__.html","","versace-1:official|versace-1:source",""
"timeout","","rakuten","versace-1","https://af.moshimo.com/af/c/click?a_id=5718841&p_id=54&pc_id=54&pl_id=616&url=https%3A%2F%2Fitem.rakuten.co.jp%2Fkousuimonogatari%2Fver1191%2F","https://item.rakuten.co.jp/kousuimonogatari/ver1191/","","versace-1:rakuten","This operation was aborted"
"blocked","403","official","versace-2","https://www.versace.com/us/en/men/accessories/fragrances-body-care/dylan-blue-pour-homme/SET_Fragrances_DylanBluePourHomme.html","https://www.versace.com/us/en/men/accessories/fragrances-body-care/dylan-blue-pour-homme/SET_Fragrances_DylanBluePourHomme.html","","versace-2:official|versace-2:source",""
"timeout","","rakuten","versace-2","https://af.moshimo.com/af/c/click?a_id=5718841&p_id=54&pc_id=54&pl_id=616&url=https%3A%2F%2Fitem.rakuten.co.jp%2Faquabouquet%2F8011003825738%2F","https://item.rakuten.co.jp/aquabouquet/8011003825738/","","versace-2:rakuten","This operation was aborted"
"ok","200","official","azzaro-2","https://www.azzaro.com/fr/parfums/azzaro-chrome/eau-de-toilette","https://www.azzaro.com/fr/parfums/azzaro-chrome/eau-de-toilette","","azzaro-2:official|azzaro-2:source",""
"timeout","","rakuten","azzaro-2","https://af.moshimo.com/af/c/click?a_id=5718841&p_id=54&pc_id=54&pl_id=616&url=https%3A%2F%2Fitem.rakuten.co.jp%2Fbesba%2Fazo-057%2F","https://item.rakuten.co.jp/besba/azo-057/","","azzaro-2:rakuten","This operation was aborted"
"blocked","403","official","mugler-1","https://www.mugler.com/fragrance/angel-eau-de-parfum-perfume/3439600056655.html","https://www.mugler.com/fragrance/angel-eau-de-parfum-perfume/3439600056655.html","","mugler-1:official|mugler-1:source",""
"timeout","","rakuten","mugler-1","https://af.moshimo.com/af/c/click?a_id=5718841&p_id=54&pc_id=54&pl_id=616&url=https%3A%2F%2Fitem.rakuten.co.jp%2Fstrawberrynet-beauty%2F10909%2F","https://item.rakuten.co.jp/strawberrynet-beauty/10909/","","mugler-1:rakuten","This operation was aborted"
"blocked","403","official","thierry-mugler-1","https://www.mugler.com/angel-and-a-men-fragrance-collection-/M020101024.html","https://www.mugler.com/angel-and-a-men-fragrance-collection-/M020101024.html","","thierry-mugler-1:official|thierry-mugler-1:source",""
"timeout","","rakuten","thierry-mugler-1","https://af.moshimo.com/af/c/click?a_id=5718841&p_id=54&pc_id=54&pl_id=616&url=https%3A%2F%2Fitem.rakuten.co.jp%2Fkousuimonogatari%2Fmug1092%2F","https://item.rakuten.co.jp/kousuimonogatari/mug1092/","","thierry-mugler-1:rakuten","This operation was aborted"
"timeout","","rakuten","giorgio-armani-1","https://af.moshimo.com/af/c/click?a_id=5718841&p_id=54&pc_id=54&pl_id=616&url=https%3A%2F%2Fitem.rakuten.co.jp%2Faquabouquet%2F3605522040281%2F","https://item.rakuten.co.jp/aquabouquet/3605522040281/","","giorgio-armani-1:rakuten","This operation was aborted"
"blocked","403","source","giorgio-armani-1","https://www.giorgioarmanibeauty-usa.com/fragrances/view-all-fragrances/stronger-with-you-eau-de-toilette/3605522040281.html","https://www.giorgioarmanibeauty-usa.com/fragrances/view-all-fragrances/stronger-with-you-eau-de-toilette/3605522040281.html","","giorgio-armani-1:source",""
"ok","200","official","viktor-rolf-1","https://www.viktor-rolf.com/pages/spicebomb-perfume","https://www.viktor-rolf.com/pages/spicebomb-perfume","","viktor-rolf-1:official|viktor-rolf-1:source",""
"timeout","","rakuten","viktor-rolf-1","https://af.moshimo.com/af/c/click?a_id=5718841&p_id=54&pc_id=54&pl_id=616&url=https%3A%2F%2Fitem.rakuten.co.jp%2Fbelmo%2Ffr3614270659706%2F","https://item.rakuten.co.jp/belmo/fr3614270659706/","","viktor-rolf-1:rakuten","This operation was aborted"
"blocked","403","official","prada-1","https://www.prada-beauty.com/fragrance/candy/candy-eau-de-parfum/MPL01333.html","https://www.prada-beauty.com/fragrance/candy/candy-eau-de-parfum/MPL01333.html","","prada-1:official|prada-1:source",""
"timeout","","rakuten","prada-1","https://af.moshimo.com/af/c/click?a_id=5718841&p_id=54&pc_id=54&pl_id=616&url=https%3A%2F%2Fitem.rakuten.co.jp%2Fkousuimonogatari%2Fpra1123%2F","https://item.rakuten.co.jp/kousuimonogatari/pra1123/","","prada-1:rakuten","This operation was aborted"
"manual_review","401","official","carolina-herrera-1","https://alokai-prod.carolinaherrera.com/es/en/editorial/fragrances-bad-boy","https://alokai-prod.carolinaherrera.com/es/en/editorial/fragrances-bad-boy","","carolina-herrera-1:official|carolina-herrera-1:source",""
"timeout","","rakuten","carolina-herrera-1","https://af.moshimo.com/af/c/click?a_id=5718841&p_id=54&pc_id=54&pl_id=616&url=https%3A%2F%2Fitem.rakuten.co.jp%2Fbelmo%2Ffr8411061962145%2F","https://item.rakuten.co.jp/belmo/fr8411061962145/","","carolina-herrera-1:rakuten","This operation was aborted"
"ok","200","official","ysl-3","https://www.yslbeauty.com/int/fragrance/fragrance-for-her/black-opium/black-opium-eau-de-parfum/WW-40701YSL.html","https://www.yslbeauty.com/int/fragrance/fragrance-for-her/black-opium/black-opium-eau-de-parfum/WW-40701YSL.html","","ysl-3:official|ysl-3:source",""
"timeout","","rakuten","ysl-3","https://af.moshimo.com/af/c/click?a_id=5718841&p_id=54&pc_id=54&pl_id=616&url=https%3A%2F%2Fitem.rakuten.co.jp%2Fbelmo%2Ffr3614273256476%2F","https://item.rakuten.co.jp/belmo/fr3614273256476/","","ysl-3:rakuten","This operation was aborted"
"timeout","","rakuten","ysl-6","https://af.moshimo.com/af/c/click?a_id=5718841&p_id=54&pc_id=54&pl_id=616&url=https%3A%2F%2Fitem.rakuten.co.jp%2Fcoscora%2F348197%2F","https://item.rakuten.co.jp/coscora/348197/","","ysl-6:rakuten","This operation was aborted"
"timeout","","rakuten","ysl-7","https://af.moshimo.com/af/c/click?a_id=5718841&p_id=54&pc_id=54&pl_id=616&url=https%3A%2F%2Fitem.rakuten.co.jp%2Fbelmo%2Ffr3614274114652%2F","https://item.rakuten.co.jp/belmo/fr3614274114652/","","ysl-7:rakuten","This operation was aborted"
"timeout","","rakuten","ysl-8","https://af.moshimo.com/af/c/click?a_id=5718841&p_id=54&pc_id=54&pl_id=616&url=https%3A%2F%2Fitem.rakuten.co.jp%2Faquabouquet%2F3614274329391%2F","https://item.rakuten.co.jp/aquabouquet/3614274329391/","","ysl-8:rakuten","This operation was aborted"
"timeout","","rakuten","ysl-9","https://af.moshimo.com/af/c/click?a_id=5718841&p_id=54&pc_id=54&pl_id=616&url=https%3A%2F%2Fitem.rakuten.co.jp%2Fcoscora%2F90096%2F","https://item.rakuten.co.jp/coscora/90096/","","ysl-9:rakuten","This operation was aborted"
"blocked","403","official","maison-margiela-1","https://www.maisonmargiela-fragrances.us/fragrances/replica/replica-jazz-club/MM008.html","https://www.maisonmargiela-fragrances.us/fragrances/replica/replica-jazz-club/MM008.html","","maison-margiela-1:official|maison-margiela-1:source",""
"timeout","","rakuten","maison-margiela-1","https://af.moshimo.com/af/c/click?a_id=5718841&p_id=54&pc_id=54&pl_id=616&url=https%3A%2F%2Fitem.rakuten.co.jp%2Fwish%2F10050360%2F","https://item.rakuten.co.jp/wish/10050360/","","maison-margiela-1:rakuten","This operation was aborted"
"blocked","403","official","dior-5","https://www.dior.com/en_us/beauty/products/sauvage-elixir-Y0996460.html","https://www.dior.com/en_us/beauty/products/sauvage-elixir-Y0996460.html","","dior-5:official|dior-5:source",""
"timeout","","rakuten","dior-5","https://af.moshimo.com/af/c/click?a_id=5718841&p_id=54&pc_id=54&pl_id=616&url=https%3A%2F%2Fitem.rakuten.co.jp%2Fcosmelink%2F3348901567572%2F","https://item.rakuten.co.jp/cosmelink/3348901567572/","","dior-5:rakuten","This operation was aborted"
"blocked","403","official","bvlgari-1","https://www.bulgari.com/ja-jp/product/42379","https://www.bulgari.com/ja-jp/product/42379","","bvlgari-1:official|bvlgari-1:source",""
"timeout","","rakuten","bvlgari-1","https://af.moshimo.com/af/c/click?a_id=5718841&p_id=54&pc_id=54&pl_id=616&url=https%3A%2F%2Fitem.rakuten.co.jp%2Fkousuiandco%2Fpage-bvl025-060%2F","https://item.rakuten.co.jp/kousuiandco/page-bvl025-060/","","bvlgari-1:rakuten","This operation was aborted"
"blocked","403","official","viktor-rolf-2","https://us.viktor-rolf.com/fragrance/spicebomb-eau-de-toilette-VKR_030.html","https://us.viktor-rolf.com/fragrance/spicebomb-eau-de-toilette-VKR_030.html","","viktor-rolf-2:official|viktor-rolf-2:source",""
"timeout","","rakuten","viktor-rolf-2","https://af.moshimo.com/af/c/click?a_id=5718841&p_id=54&pc_id=54&pl_id=616&url=https%3A%2F%2Fitem.rakuten.co.jp%2Fstrawberrynet-beauty%2F138493%2F","https://item.rakuten.co.jp/strawberrynet-beauty/138493/","","viktor-rolf-2:rakuten","This operation was aborted"
"ok","200","official","maison-francis-kurkdjian-1","https://www.baccarat.com/en_jp/fragrance/all-fragrance/perfumes/baccarat-rouge-540-eau-de-parfum-70-ml-2810839.html","https://www.baccarat.com/en_jp/fragrance/all-fragrance/perfumes/baccarat-rouge-540-eau-de-parfum-70-ml-2810839.html","","maison-francis-kurkdjian-1:official|maison-francis-kurkdjian-1:source",""
"timeout","","rakuten","maison-francis-kurkdjian-1","https://af.moshimo.com/af/c/click?a_id=5718841&p_id=54&pc_id=54&pl_id=616&url=https%3A%2F%2Fitem.rakuten.co.jp%2Fkousuiandco%2Fmai005-200%2F","https://item.rakuten.co.jp/kousuiandco/mai005-200/","","maison-francis-kurkdjian-1:rakuten","This operation was aborted"
"timeout","","rakuten","maison-francis-kurkdjian-2","https://af.moshimo.com/af/c/click?a_id=5718841&p_id=54&pc_id=54&pl_id=616&url=https%3A%2F%2Fitem.rakuten.co.jp%2Fwish%2F10044096%2F","https://item.rakuten.co.jp/wish/10044096/","","maison-francis-kurkdjian-2:rakuten","This operation was aborted"
"timeout","","rakuten","maison-francis-kurkdjian-3","https://af.moshimo.com/af/c/click?a_id=5718841&p_id=54&pc_id=54&pl_id=616&url=https%3A%2F%2Fitem.rakuten.co.jp%2Faquabouquet%2Fmfk0013%2F","https://item.rakuten.co.jp/aquabouquet/mfk0013/","","maison-francis-kurkdjian-3:rakuten","This operation was aborted"
"timeout","","rakuten","maison-francis-kurkdjian-4","https://af.moshimo.com/af/c/click?a_id=5718841&p_id=54&pc_id=54&pl_id=616&url=https%3A%2F%2Fitem.rakuten.co.jp%2Fwish%2F10047581%2F","https://item.rakuten.co.jp/wish/10047581/","","maison-francis-kurkdjian-4:rakuten","This operation was aborted"
"timeout","","rakuten","maison-francis-kurkdjian-5","https://af.moshimo.com/af/c/click?a_id=5718841&p_id=54&pc_id=54&pl_id=616&url=https%3A%2F%2Fitem.rakuten.co.jp%2Fdiogreco%2Ffrancisk-aquacelestia-70ml%2F","https://item.rakuten.co.jp/diogreco/francisk-aquacelestia-70ml/","","maison-francis-kurkdjian-5:rakuten","This operation was aborted"
"timeout","","rakuten","maison-francis-kurkdjian-6","https://af.moshimo.com/af/c/click?a_id=5718841&p_id=54&pc_id=54&pl_id=616&url=https%3A%2F%2Fitem.rakuten.co.jp%2Faquabouquet%2F370055611050%2F","https://item.rakuten.co.jp/aquabouquet/370055611050/","","maison-francis-kurkdjian-6:rakuten","This operation was aborted"
"timeout","","rakuten","maison-francis-kurkdjian-7","https://af.moshimo.com/af/c/click?a_id=5718841&p_id=54&pc_id=54&pl_id=616&url=https%3A%2F%2Fitem.rakuten.co.jp%2Faquabouquet%2F3700559605905%2F","https://item.rakuten.co.jp/aquabouquet/3700559605905/","","maison-francis-kurkdjian-7:rakuten","This operation was aborted"
"blocked","403","official","versace-3","https://www.versace.com/us/en/men/accessories/fragrances-body-care/eros-flame/eros-flame-edp-100-ml-red/R741010-R100MLS_RNUL.html","https://www.versace.com/us/en/men/accessories/fragrances-body-care/eros-flame/eros-flame-edp-100-ml-red/R741010-R100MLS_RNUL.html","","versace-3:official|versace-3:source",""
"timeout","","rakuten","versace-3","https://af.moshimo.com/af/c/click?a_id=5718841&p_id=54&pc_id=54&pl_id=616&url=https%3A%2F%2Fitem.rakuten.co.jp%2Fkousuimonogatari%2Fver1333%2F","https://item.rakuten.co.jp/kousuimonogatari/ver1333/","","versace-3:rakuten","This operation was aborted"
"blocked","403","official","chanel-4","https://www.chanel.com/jp/fragrance/p/107360/bleu-de-chanel-eau-de-parfum-spray/","https://www.chanel.com/jp/fragrance/p/107360/bleu-de-chanel-eau-de-parfum-spray/","","chanel-4:official|chanel-4:source",""
"timeout","","rakuten","chanel-4","https://af.moshimo.com/af/c/click?a_id=5718841&p_id=54&pc_id=54&pl_id=616&url=https%3A%2F%2Fitem.rakuten.co.jp%2Fbrilliantworld%2Fchanel-blue-edp%2F","https://item.rakuten.co.jp/brilliantworld/chanel-blue-edp/","","chanel-4:rakuten","This operation was aborted"
"blocked","403","source","chanel-4","https://www.chanel.com/jp/fragrance/p/107350/bleu-de-chanel-eau-de-parfum-spray/","https://www.chanel.com/jp/fragrance/p/107350/bleu-de-chanel-eau-de-parfum-spray/","","chanel-4:source",""
"ok","200","official","tom-ford-2","https://www.tomfordbeauty.com/products/oud-wood-eau-de-parfum","https://www.tomfordbeauty.com/products/oud-wood-eau-de-parfum","","tom-ford-2:official|tom-ford-2:source",""
"timeout","","rakuten","tom-ford-2","https://af.moshimo.com/af/c/click?a_id=5718841&p_id=54&pc_id=54&pl_id=616&url=https%3A%2F%2Fitem.rakuten.co.jp%2Fcosmelink%2F1059081924%2F","https://item.rakuten.co.jp/cosmelink/1059081924/","","tom-ford-2:rakuten","This operation was aborted"
"blocked","403","official","dior-6","https://www.dior.com/ja_jp/beauty/products/%E3%83%95%E3%82%A1%E3%83%BC%E3%83%AC%E3%83%B3%E3%83%8F%E3%82%A4%E3%83%88-%E3%82%AA%E3%83%BC%E3%83%89%E3%82%A5-%E3%83%88%E3%83%AF%E3%83%AC-F006624009.html","https://www.dior.com/ja_jp/beauty/products/%E3%83%95%E3%82%A1%E3%83%BC%E3%83%AC%E3%83%B3%E3%83%8F%E3%82%A4%E3%83%88-%E3%82%AA%E3%83%BC%E3%83%89%E3%82%A5-%E3%83%88%E3%83%AF%E3%83%AC-F006624009.html","","dior-6:official|dior-6:source",""
"timeout","","rakuten","dior-6","https://af.moshimo.com/af/c/click?a_id=5718841&p_id=54&pc_id=54&pl_id=616&url=https%3A%2F%2Fitem.rakuten.co.jp%2Fcosmelink%2F3348900012219%2F","https://item.rakuten.co.jp/cosmelink/3348900012219/","","dior-6:rakuten","This operation was aborted"
"ok","200","official","creed-1","https://www.creedfragrance.com/p/aventus/12870029/","https://www.creedfragrance.com/p/aventus/12870029/","","creed-1:official|creed-1:source",""
"timeout","","rakuten","creed-1","https://af.moshimo.com/af/c/click?a_id=5718841&p_id=54&pc_id=54&pl_id=616&url=https%3A%2F%2Fitem.rakuten.co.jp%2Fkousuiandco%2Fcre008-050%2F","https://item.rakuten.co.jp/kousuiandco/cre008-050/","","creed-1:rakuten","This operation was aborted"
"timeout","","rakuten","creed-2","https://af.moshimo.com/af/c/click?a_id=5718841&p_id=54&pc_id=54&pl_id=616&url=https%3A%2F%2Fitem.rakuten.co.jp%2Faquabouquet%2F3508441001022%2F","https://item.rakuten.co.jp/aquabouquet/3508441001022/","","creed-2:rakuten","This operation was aborted"
"timeout","","rakuten","creed-3","https://af.moshimo.com/af/c/click?a_id=5718841&p_id=54&pc_id=54&pl_id=616&url=https%3A%2F%2Fitem.rakuten.co.jp%2Faquabouquet%2F3508441001053%2F","https://item.rakuten.co.jp/aquabouquet/3508441001053/","","creed-3:rakuten","This operation was aborted"
"timeout","","rakuten","creed-4","https://af.moshimo.com/af/c/click?a_id=5718841&p_id=54&pc_id=54&pl_id=616&url=https%3A%2F%2Fitem.rakuten.co.jp%2Faquabouquet%2F3508441001138%2F","https://item.rakuten.co.jp/aquabouquet/3508441001138/","","creed-4:rakuten","This operation was aborted"
"timeout","","rakuten","creed-5","https://af.moshimo.com/af/c/click?a_id=5718841&p_id=54&pc_id=54&pl_id=616&url=https%3A%2F%2Fitem.rakuten.co.jp%2Fcosmenana%2Fcrd050-002%2F","https://item.rakuten.co.jp/cosmenana/crd050-002/","","creed-5:rakuten","This operation was aborted"
"timeout","","rakuten","creed-6","https://af.moshimo.com/af/c/click?a_id=5718841&p_id=54&pc_id=54&pl_id=616&url=https%3A%2F%2Fitem.rakuten.co.jp%2Fdiogreco%2Fcreed-millesimeimperialedp-50ml%2F","https://item.rakuten.co.jp/diogreco/creed-millesimeimperialedp-50ml/","","creed-6:rakuten","This operation was aborted"
"timeout","","rakuten","creed-7","https://af.moshimo.com/af/c/click?a_id=5718841&p_id=54&pc_id=54&pl_id=616&url=https%3A%2F%2Fitem.rakuten.co.jp%2Fdiogreco%2Fcreed-boisduportugal-100ml%2F","https://item.rakuten.co.jp/diogreco/creed-boisduportugal-100ml/","","creed-7:rakuten","This operation was aborted"
"blocked","403","official","giorgio-armani-2","https://www.giorgioarmanibeauty-usa.com/fragrances/mens-cologne/armani-code/","https://www.giorgioarmanibeauty-usa.com/fragrances/mens-cologne/armani-code/","","giorgio-armani-2:official|giorgio-armani-2:source",""
"timeout","","rakuten","giorgio-armani-2","https://af.moshimo.com/af/c/click?a_id=5718841&p_id=54&pc_id=54&pl_id=616&url=https%3A%2F%2Fitem.rakuten.co.jp%2Farmanibeauty%2Fjp-0110-arm%2F","https://item.rakuten.co.jp/armanibeauty/jp-0110-arm/","","giorgio-armani-2:rakuten","This operation was aborted"
"ok","200","official","le-labo-1","https://www.lelabofragrances.jp/products/santal-33_144","https://www.lelabofragrances.jp/products/santal-33_144","","le-labo-1:official|le-labo-1:source",""
"timeout","","rakuten","le-labo-1","https://af.moshimo.com/af/c/click?a_id=5718841&p_id=54&pc_id=54&pl_id=616&url=https%3A%2F%2Fitem.rakuten.co.jp%2Frush-mall%2Flelabo-004%2F","https://item.rakuten.co.jp/rush-mall/lelabo-004/","","le-labo-1:rakuten","This operation was aborted"
"redirect","301","official","diptyque-1","https://www.diptyqueparis.com/ja_jp/p/fragrances/eaux-de-toilette/tam-dao-eau-de-toilette-100ml-1.html","https://www.diptyqueparis.com/ja_jp/p/fragrances/eaux-de-toilette/tam-dao-eau-de-toilette-100ml-1.html","https://jp.diptyqueparis.com/ja-jp/products/eau-de-toilette-tam-dao-tamdao100v2","diptyque-1:official|diptyque-1:source",""
"timeout","","rakuten","diptyque-1","https://af.moshimo.com/af/c/click?a_id=5718841&p_id=54&pc_id=54&pl_id=616&url=https%3A%2F%2Fitem.rakuten.co.jp%2Fkousuiandco%2Fdip019-100%2F","https://item.rakuten.co.jp/kousuiandco/dip019-100/","","diptyque-1:rakuten","This operation was aborted"
"timeout","","rakuten","diptyque-2","https://af.moshimo.com/af/c/click?a_id=5718841&p_id=54&pc_id=54&pl_id=616&url=https%3A%2F%2Fitem.rakuten.co.jp%2Fjurrecosmetics%2Fdiptyque1%2F&m=http%3A%2F%2Fm.rakuten.co.jp%2Fjurrecosmetics%2Fi%2F10000199%2F","https://item.rakuten.co.jp/jurrecosmetics/diptyque1/","","diptyque-2:rakuten|diptyque-2:source","This operation was aborted"
"timeout","","rakuten","diptyque-3","https://af.moshimo.com/af/c/click?a_id=5718841&p_id=54&pc_id=54&pl_id=616&url=https%3A%2F%2Fitem.rakuten.co.jp%2Fpartytime-tokyo%2F22dt116pfm%2F&m=http%3A%2F%2Fm.rakuten.co.jp%2Fpartytime-tokyo%2Fi%2F10036140%2F","https://item.rakuten.co.jp/partytime-tokyo/22dt116pfm/","","diptyque-3:rakuten|diptyque-3:source","This operation was aborted"
"timeout","","rakuten","diptyque-4","https://af.moshimo.com/af/c/click?a_id=5718841&p_id=54&pc_id=54&pl_id=616&url=https%3A%2F%2Fitem.rakuten.co.jp%2Frareu%2F100000013%2F&m=http%3A%2F%2Fm.rakuten.co.jp%2Frareu%2Fi%2F10003523%2F","https://item.rakuten.co.jp/rareu/100000013/","","diptyque-4:rakuten|diptyque-4:source","This operation was aborted"
"timeout","","rakuten","diptyque-5","https://af.moshimo.com/af/c/click?a_id=5718841&p_id=54&pc_id=54&pl_id=616&url=https%3A%2F%2Fitem.rakuten.co.jp%2Fwish%2Fz10052841%2F&m=http%3A%2F%2Fm.rakuten.co.jp%2Fwish%2Fi%2F10064093%2F","https://item.rakuten.co.jp/wish/z10052841/","","diptyque-5:rakuten|diptyque-5:source","This operation was aborted"
"ok","200","official","byredo-1","https://www.byredo.com/ja_jp/p/gypsy-water-eau-de-parfum","https://www.byredo.com/ja_jp/p/gypsy-water-eau-de-parfum","","byredo-1:official|byredo-1:source",""
"timeout","","rakuten","byredo-1","https://af.moshimo.com/af/c/click?a_id=5718841&p_id=54&pc_id=54&pl_id=616&url=https%3A%2F%2Fitem.rakuten.co.jp%2Fkousuimonogatari%2Fbyr1001%2F","https://item.rakuten.co.jp/kousuimonogatari/byr1001/","","byredo-1:rakuten","This operation was aborted"
"timeout","","rakuten","dunhill-1","https://af.moshimo.com/af/c/click?a_id=5718841&p_id=54&pc_id=54&pl_id=616&url=https%3A%2F%2Fitem.rakuten.co.jp%2Fcosmetch%2F85715806406%2F","https://item.rakuten.co.jp/cosmetch/85715806406/","","dunhill-1:rakuten","This operation was aborted"
"timeout","","rakuten","dunhill-2","https://af.moshimo.com/af/c/click?a_id=5718841&p_id=54&pc_id=54&pl_id=616&url=https%3A%2F%2Fitem.rakuten.co.jp%2Fbeautyeru%2Fdh_desire%2F","https://item.rakuten.co.jp/beautyeru/dh_desire/","","dunhill-2:rakuten","This operation was aborted"
"blocked","403","official","prada-2","https://www.prada-beauty.com/fragrance/lhomme-prada/lhomme-prada-eau-de-toilette/MPL01352.html","https://www.prada-beauty.com/fragrance/lhomme-prada/lhomme-prada-eau-de-toilette/MPL01352.html","","prada-2:official|prada-2:source",""
"timeout","","rakuten","prada-2","https://af.moshimo.com/af/c/click?a_id=5718841&p_id=54&pc_id=54&pl_id=616&url=https%3A%2F%2Fitem.rakuten.co.jp%2Fezcoshop%2F585029%2F","https://item.rakuten.co.jp/ezcoshop/585029/","","prada-2:rakuten","This operation was aborted"
"timeout","","rakuten","prada-3","https://af.moshimo.com/af/c/click?a_id=5718841&p_id=54&pc_id=54&pl_id=616&url=https%3A%2F%2Fitem.rakuten.co.jp%2Flovelove%2F2500000227912%2F&m=http%3A%2F%2Fm.rakuten.co.jp%2Flovelove%2Fi%2F10565530%2F","https://item.rakuten.co.jp/lovelove/2500000227912/","","prada-3:rakuten|prada-3:source","This operation was aborted"
"timeout","","rakuten","prada-4","https://af.moshimo.com/af/c/click?a_id=5718841&p_id=54&pc_id=54&pl_id=616&url=https%3A%2F%2Fitem.rakuten.co.jp%2Fwish%2F1593815%2F&m=http%3A%2F%2Fm.rakuten.co.jp%2Fwish%2Fi%2F10017741%2F","https://item.rakuten.co.jp/wish/1593815/","","prada-4:rakuten|prada-4:source","This operation was aborted"
"timeout","","rakuten","prada-5","https://af.moshimo.com/af/c/click?a_id=5718841&p_id=54&pc_id=54&pl_id=616&url=https%3A%2F%2Fitem.rakuten.co.jp%2Fbelmo%2Ffr3614273556620%2F","https://item.rakuten.co.jp/belmo/fr3614273556620/","","prada-5:rakuten","This operation was aborted"
"timeout","","rakuten","prada-6","https://af.moshimo.com/af/c/click?a_id=5718841&p_id=54&pc_id=54&pl_id=616&url=https%3A%2F%2Fitem.rakuten.co.jp%2Faquabouquet%2F8435137782970%2F","https://item.rakuten.co.jp/aquabouquet/8435137782970/","","prada-6:rakuten","This operation was aborted"
"timeout","","rakuten","prada-7","https://af.moshimo.com/af/c/click?a_id=5718841&p_id=54&pc_id=54&pl_id=616&url=https%3A%2F%2Fitem.rakuten.co.jp%2Fbelmo%2Ffr8435137764730%2F","https://item.rakuten.co.jp/belmo/fr8435137764730/","","prada-7:rakuten","This operation was aborted"
"timeout","","official","montblanc-2","https://www.montblanc.com/en-us/explorer-eau-de-parfum-100-ml-MB124069.html","https://www.montblanc.com/en-us/explorer-eau-de-parfum-100-ml-MB124069.html","","montblanc-2:official|montblanc-2:source","This operation was aborted"
"timeout","","rakuten","montblanc-2","https://af.moshimo.com/af/c/click?a_id=5718841&p_id=54&pc_id=54&pl_id=616&url=https%3A%2F%2Fitem.rakuten.co.jp%2Fblanc-lapin%2Fmob1m0000009%2F","https://item.rakuten.co.jp/blanc-lapin/mob1m0000009/","","montblanc-2:rakuten","This operation was aborted"
"blocked","403","official","jo-malone-4","https://www.jomalone.jp/product/25946/32241/colognes/wood-sage-sea-salt-cologne","https://www.jomalone.jp/product/25946/32241/colognes/wood-sage-sea-salt-cologne","","jo-malone-4:official|jo-malone-4:source",""
"timeout","","rakuten","jo-malone-4","https://af.moshimo.com/af/c/click?a_id=5718841&p_id=54&pc_id=54&pl_id=616&url=https%3A%2F%2Fitem.rakuten.co.jp%2Fjomalone%2F32241l41601%2F","https://item.rakuten.co.jp/jomalone/32241l41601/","","jo-malone-4:rakuten","This operation was aborted"
"timeout","","rakuten","jo-malone-5","https://af.moshimo.com/af/c/click?a_id=5718841&p_id=54&pc_id=54&pl_id=616&url=https%3A%2F%2Fitem.rakuten.co.jp%2Faquabouquet%2F690251047345%2F","https://item.rakuten.co.jp/aquabouquet/690251047345/","","jo-malone-5:rakuten","This operation was aborted"
"timeout","","rakuten","jo-malone-6","https://af.moshimo.com/af/c/click?a_id=5718841&p_id=54&pc_id=54&pl_id=616&url=https%3A%2F%2Fitem.rakuten.co.jp%2Fjomalone%2F9900l10f01%2F","https://item.rakuten.co.jp/jomalone/9900l10f01/","","jo-malone-6:rakuten","This operation was aborted"
"blocked","403","official","hugo-boss-1","https://www.hugoboss.com/us/boss-bottled-eau-de-toilette-100-ml/hbna58000026_999.html","https://www.hugoboss.com/us/boss-bottled-eau-de-toilette-100-ml/hbna58000026_999.html","","hugo-boss-1:official|hugo-boss-1:source",""
"timeout","","rakuten","hugo-boss-1","https://af.moshimo.com/af/c/click?a_id=5718841&p_id=54&pc_id=54&pl_id=616&url=https%3A%2F%2Fitem.rakuten.co.jp%2Fbesba%2Fhug-021%2F","https://item.rakuten.co.jp/besba/hug-021/","","hugo-boss-1:rakuten","This operation was aborted"
"timeout","","rakuten","hugo-boss-2","https://af.moshimo.com/af/c/click?a_id=5718841&p_id=54&pc_id=54&pl_id=616&url=https%3A%2F%2Fitem.rakuten.co.jp%2Fbelmo%2Ffr0737052352060%2F","https://item.rakuten.co.jp/belmo/fr0737052352060/","","hugo-boss-2:rakuten","This operation was aborted"
"timeout","","rakuten","hugo-boss-3","https://af.moshimo.com/af/c/click?a_id=5718841&p_id=54&pc_id=54&pl_id=616&url=https%3A%2F%2Fitem.rakuten.co.jp%2Fbelmo%2Ffr3614228220903%2F","https://item.rakuten.co.jp/belmo/fr3614228220903/","","hugo-boss-3:rakuten","This operation was aborted"
"timeout","","rakuten","hugo-boss-4","https://af.moshimo.com/af/c/click?a_id=5718841&p_id=54&pc_id=54&pl_id=616&url=https%3A%2F%2Fitem.rakuten.co.jp%2Fbelmo%2Ffr3616304691645%2F","https://item.rakuten.co.jp/belmo/fr3616304691645/","","hugo-boss-4:rakuten","This operation was aborted"
"timeout","","rakuten","hugo-boss-5","https://af.moshimo.com/af/c/click?a_id=5718841&p_id=54&pc_id=54&pl_id=616&url=https%3A%2F%2Fitem.rakuten.co.jp%2Fbelmo%2Ffr0737052972268%2F","https://item.rakuten.co.jp/belmo/fr0737052972268/","","hugo-boss-5:rakuten","This operation was aborted"
"timeout","","rakuten","hugo-boss-6","https://af.moshimo.com/af/c/click?a_id=5718841&p_id=54&pc_id=54&pl_id=616&url=https%3A%2F%2Fitem.rakuten.co.jp%2Faquabouquet%2F737052664026%2F","https://item.rakuten.co.jp/aquabouquet/737052664026/","","hugo-boss-6:rakuten","This operation was aborted"
"blocked","403","official","dior-7","https://www.dior.com/ja_jp/beauty/products/%E3%83%87%E3%82%A3%E3%82%AA%E3%83%BC%E3%83%AB-%E3%82%AA%E3%83%A0-%E3%82%AA%E3%83%BC%E3%83%89%E3%82%A5-%E3%83%88%E3%83%AF%E3%83%AC-C099600156.html","https://www.dior.com/ja_jp/beauty/products/%E3%83%87%E3%82%A3%E3%82%AA%E3%83%BC%E3%83%AB-%E3%82%AA%E3%83%A0-%E3%82%AA%E3%83%BC%E3%83%89%E3%82%A5-%E3%83%88%E3%83%AF%E3%83%AC-C099600156.html","","dior-7:official|dior-7:source",""
"timeout","","rakuten","dior-7","https://af.moshimo.com/af/c/click?a_id=5718841&p_id=54&pc_id=54&pl_id=616&url=https%3A%2F%2Fitem.rakuten.co.jp%2Fcosmelink%2F3348901126342%2F","https://item.rakuten.co.jp/cosmelink/3348901126342/","","dior-7:rakuten","This operation was aborted"
"ok","200","official","tom-ford-3","https://www.tomfordbeauty.com/products/black-orchid-eau-de-parfum","https://www.tomfordbeauty.com/products/black-orchid-eau-de-parfum","","tom-ford-3:official|tom-ford-3:source",""
"timeout","","rakuten","tom-ford-3","https://af.moshimo.com/af/c/click?a_id=5718841&p_id=54&pc_id=54&pl_id=616&url=https%3A%2F%2Fitem.rakuten.co.jp%2Fcosmelink%2F1059000055%2F","https://item.rakuten.co.jp/cosmelink/1059000055/","","tom-ford-3:rakuten","This operation was aborted"
"timeout","","rakuten","tom-ford-4","https://af.moshimo.com/af/c/click?a_id=5718841&p_id=54&pc_id=54&pl_id=616&url=https%3A%2F%2Fitem.rakuten.co.jp%2Fdiogreco%2Ftf-neroli-50ml%2F","https://item.rakuten.co.jp/diogreco/tf-neroli-50ml/","","tom-ford-4:rakuten","This operation was aborted"
"timeout","","rakuten","tom-ford-5","https://af.moshimo.com/af/c/click?a_id=5718841&p_id=54&pc_id=54&pl_id=616&url=https%3A%2F%2Fitem.rakuten.co.jp%2Faquabouquet%2F888066035361%2F","https://item.rakuten.co.jp/aquabouquet/888066035361/","","tom-ford-5:rakuten","This operation was aborted"
"timeout","","rakuten","tom-ford-6","https://af.moshimo.com/af/c/click?a_id=5718841&p_id=54&pc_id=54&pl_id=616&url=https%3A%2F%2Fitem.rakuten.co.jp%2Fcoscora%2F117519%2F","https://item.rakuten.co.jp/coscora/117519/","","tom-ford-6:rakuten","This operation was aborted"
"timeout","","rakuten","tom-ford-7","https://af.moshimo.com/af/c/click?a_id=5718841&p_id=54&pc_id=54&pl_id=616&url=https%3A%2F%2Fitem.rakuten.co.jp%2Faquabouquet%2F888066000512%2F","https://item.rakuten.co.jp/aquabouquet/888066000512/","","tom-ford-7:rakuten","This operation was aborted"
"timeout","","rakuten","aramis-1","https://af.moshimo.com/af/c/click?a_id=5718841&p_id=54&pc_id=54&pl_id=616&url=https%3A%2F%2Fitem.rakuten.co.jp%2Fdiogreco%2Faramis-cologneedt-110ml%2F","https://item.rakuten.co.jp/diogreco/aramis-cologneedt-110ml/","","aramis-1:rakuten","This operation was aborted"
"blocked","403","official","chanel-5","https://www.chanel.com/fr/parfums/p/117460/pour-monsieur-eau-de-toilette-vaporisateur/","https://www.chanel.com/fr/parfums/p/117460/pour-monsieur-eau-de-toilette-vaporisateur/","","chanel-5:official|chanel-5:source",""
"timeout","","rakuten","chanel-5","https://af.moshimo.com/af/c/click?a_id=5718841&p_id=54&pc_id=54&pl_id=616&url=https%3A%2F%2Fitem.rakuten.co.jp%2Fkousuimonogatari%2F1184426%2F","https://item.rakuten.co.jp/kousuimonogatari/1184426/","","chanel-5:rakuten","This operation was aborted"
"blocked","403","official","guerlain-3","https://www.guerlain.com/jp/ja-jp/p/les-legendaires-mitsouko---eau-de-parfum-024104.html","https://www.guerlain.com/jp/ja-jp/p/les-legendaires-mitsouko---eau-de-parfum-024104.html","","guerlain-3:official|guerlain-3:source",""
"timeout","","rakuten","guerlain-3","https://af.moshimo.com/af/c/click?a_id=5718841&p_id=54&pc_id=54&pl_id=616&url=https%3A%2F%2Fitem.rakuten.co.jp%2Fhline-international%2F372656%2F","https://item.rakuten.co.jp/hline-international/372656/","","guerlain-3:rakuten","This operation was aborted"
"timeout","","rakuten","guerlain-4","https://af.moshimo.com/af/c/click?a_id=5718841&p_id=54&pc_id=54&pl_id=616&url=https%3A%2F%2Fitem.rakuten.co.jp%2Fbelmo%2Ffr3346470304345%2F","https://item.rakuten.co.jp/belmo/fr3346470304345/","","guerlain-4:rakuten","This operation was aborted"
"timeout","","rakuten","guerlain-5","https://af.moshimo.com/af/c/click?a_id=5718841&p_id=54&pc_id=54&pl_id=616&url=https%3A%2F%2Fitem.rakuten.co.jp%2Faquabouquet%2F3346470235533%2F","https://item.rakuten.co.jp/aquabouquet/3346470235533/","","guerlain-5:rakuten","This operation was aborted"
"timeout","","rakuten","guerlain-6","https://af.moshimo.com/af/c/click?a_id=5718841&p_id=54&pc_id=54&pl_id=616&url=https%3A%2F%2Fitem.rakuten.co.jp%2Fwish%2F10044902%2F","https://item.rakuten.co.jp/wish/10044902/","","guerlain-6:rakuten","This operation was aborted"
"blocked","403","official","chanel-6","https://www.chanel.com/jp/fragrance/p/118460/antaeus-eau-de-toilette-spray/","https://www.chanel.com/jp/fragrance/p/118460/antaeus-eau-de-toilette-spray/","","chanel-6:official|chanel-6:source",""
"timeout","","rakuten","chanel-6","https://af.moshimo.com/af/c/click?a_id=5718841&p_id=54&pc_id=54&pl_id=616&url=https%3A%2F%2Fitem.rakuten.co.jp%2Fosharecafe%2F10002171%2F","https://item.rakuten.co.jp/osharecafe/10002171/","","chanel-6:rakuten","This operation was aborted"
"redirect","301","official","shiro-1","https://shiro-shiro.jp/item/12702.html","https://shiro-shiro.jp/item/12702.html","http://shiro-shiro.jp/ec/pro/disp/1/12702","shiro-1:official|shiro-1:source",""
"timeout","","rakuten","shiro-1","https://af.moshimo.com/af/c/click?a_id=5718841&p_id=54&pc_id=54&pl_id=616&url=https%3A%2F%2Fitem.rakuten.co.jp%2Farianakosume%2F4580514122307%2F","https://item.rakuten.co.jp/arianakosume/4580514122307/","","shiro-1:rakuten","This operation was aborted"
"timeout","","rakuten","narciso-rodriguez-1","https://af.moshimo.com/af/c/click?a_id=5718841&p_id=54&pc_id=54&pl_id=616&url=https%3A%2F%2Fitem.rakuten.co.jp%2Fbesba%2Fnrz-022%2F","https://item.rakuten.co.jp/besba/nrz-022/","","narciso-rodriguez-1:rakuten","This operation was aborted"
"ok","200","official","le-labo-2","https://www.lelabofragrances.jp/products/another-13_134","https://www.lelabofragrances.jp/products/another-13_134","","le-labo-2:official|le-labo-2:source",""
"timeout","","rakuten","le-labo-2","https://af.moshimo.com/af/c/click?a_id=5718841&p_id=54&pc_id=54&pl_id=616&url=https%3A%2F%2Fitem.rakuten.co.jp%2Fhewuakaneshop%2F2023061406%2F","https://item.rakuten.co.jp/hewuakaneshop/2023061406/","","le-labo-2:rakuten","This operation was aborted"
"ok","200","official","maison-margiela-2","https://www.maisonmargiela.com/ja-jp/%E3%83%AC%E3%82%A4%E3%82%B8%E3%83%BC%E3%82%B5%E3%83%B3%E3%83%87%E3%83%BC-%E3%83%A2%E3%83%BC%E3%83%8B%E3%83%B3%E3%82%B0-%E3%82%AA%E3%83%BC%E3%83%89%E3%83%88%E3%83%AF%E3%83%AC%E3%80%8C%E3%83%AC%E3%83%97%E3%83%AA%E3%82%AB%E3%80%8D30ml-S33YX0111S12831961.html","https://www.maisonmargiela.com/ja-jp/%E3%83%AC%E3%82%A4%E3%82%B8%E3%83%BC%E3%82%B5%E3%83%B3%E3%83%87%E3%83%BC-%E3%83%A2%E3%83%BC%E3%83%8B%E3%83%B3%E3%82%B0-%E3%82%AA%E3%83%BC%E3%83%89%E3%83%88%E3%83%AF%E3%83%AC%E3%80%8C%E3%83%AC%E3%83%97%E3%83%AA%E3%82%AB%E3%80%8D30ml-S33YX0111S12831961.html","","maison-margiela-2:official|maison-margiela-2:source",""
"timeout","","rakuten","maison-margiela-2","https://af.moshimo.com/af/c/click?a_id=5718841&p_id=54&pc_id=54&pl_id=616&url=https%3A%2F%2Fitem.rakuten.co.jp%2Fcosmediva%2F3605521932464%2F","https://item.rakuten.co.jp/cosmediva/3605521932464/","","maison-margiela-2:rakuten","This operation was aborted"
"timeout","","rakuten","maison-margiela-3","https://af.moshimo.com/af/c/click?a_id=5718841&p_id=54&pc_id=54&pl_id=616&url=https%3A%2F%2Fitem.rakuten.co.jp%2Fwish%2F10050152%2F&m=http%3A%2F%2Fm.rakuten.co.jp%2Fwish%2Fi%2F10056457%2F","https://item.rakuten.co.jp/wish/10050152/","","maison-margiela-3:rakuten|maison-margiela-3:source","This operation was aborted"
"timeout","","rakuten","maison-margiela-4","https://af.moshimo.com/af/c/click?a_id=5718841&p_id=54&pc_id=54&pl_id=616&url=https%3A%2F%2Fitem.rakuten.co.jp%2Fbeautyfactory-belmo%2Ffr3614274347586%2F&m=http%3A%2F%2Fm.rakuten.co.jp%2Fbeautyfactory-belmo%2Fi%2F10050681%2F","https://item.rakuten.co.jp/beautyfactory-belmo/fr3614274347586/","","maison-margiela-4:rakuten|maison-margiela-4:source","This operation was aborted"
"timeout","","rakuten","maison-margiela-5","https://af.moshimo.com/af/c/click?a_id=5718841&p_id=54&pc_id=54&pl_id=616&url=https%3A%2F%2Fitem.rakuten.co.jp%2Fbelmo%2Ffr3614273185875%2F","https://item.rakuten.co.jp/belmo/fr3614273185875/","","maison-margiela-5:rakuten","This operation was aborted"
"timeout","","rakuten","maison-margiela-6","https://af.moshimo.com/af/c/click?a_id=5718841&p_id=54&pc_id=54&pl_id=616&url=https%3A%2F%2Fitem.rakuten.co.jp%2Faquabouquet%2Fmaisonm006%2F","https://item.rakuten.co.jp/aquabouquet/maisonm006/","","maison-margiela-6:rakuten","This operation was aborted"
"timeout","","rakuten","maison-margiela-7","https://af.moshimo.com/af/c/click?a_id=5718841&p_id=54&pc_id=54&pl_id=616&url=https%3A%2F%2Fitem.rakuten.co.jp%2Fsanwaworld%2F10031550%2F","https://item.rakuten.co.jp/sanwaworld/10031550/","","maison-margiela-7:rakuten","This operation was aborted"
"redirect","302","official","glossier-1","https://www.glossier.com/products/glossier-you","https://www.glossier.com/products/glossier-you","https://www.glossier.com/en-jp/products/glossier-you","glossier-1:official|glossier-1:source",""
"timeout","","rakuten","glossier-1","https://af.moshimo.com/af/c/click?a_id=5718841&p_id=54&pc_id=54&pl_id=616&url=https%3A%2F%2Fitem.rakuten.co.jp%2Famericana%2Fjm0000398%2F","https://item.rakuten.co.jp/americana/jm0000398/","","glossier-1:rakuten","This operation was aborted"
"blocked","403","official","bvlgari-2","https://www.bulgari.com/ja-jp/product/42539","https://www.bulgari.com/ja-jp/product/42539","","bvlgari-2:official|bvlgari-2:source",""
"timeout","","rakuten","bvlgari-2","https://af.moshimo.com/af/c/click?a_id=5718841&p_id=54&pc_id=54&pl_id=616&url=https%3A%2F%2Fitem.rakuten.co.jp%2Fdreamlifejapan%2Fdl0007-1%2F","https://item.rakuten.co.jp/dreamlifejapan/dl0007-1/","","bvlgari-2:rakuten","This operation was aborted"
"redirect","308","official","aesop-1","https://www.aesop.com/jp/p/fragrance/fresh/tacit-eau-de-parfum/","https://www.aesop.com/jp/p/fragrance/fresh/tacit-eau-de-parfum/","https://www.aesop.co.jp/jp/p/fragrance/fresh/tacit-eau-de-parfum/","aesop-1:official",""
"timeout","","rakuten","aesop-1","https://af.moshimo.com/af/c/click?a_id=5718841&p_id=54&pc_id=54&pl_id=616&url=https%3A%2F%2Fitem.rakuten.co.jp%2Fcosme-venus%2F9319944006568%2F","https://item.rakuten.co.jp/cosme-venus/9319944006568/","","aesop-1:rakuten","This operation was aborted"
"redirect","308","source","aesop-1","https://www.aesop.com/jp/c/fragrance/","https://www.aesop.com/jp/c/fragrance/","https://www.aesop.co.jp/jp/c/fragrance/","aesop-1:source",""
"ok","200","official","davidoff-1","https://www.zinodavidoff.com/fragrances/cool-water-eau-de-toilette-125-ml","https://www.zinodavidoff.com/fragrances/cool-water-eau-de-toilette-125-ml","","davidoff-1:official|davidoff-1:source",""
"timeout","","rakuten","davidoff-1","https://af.moshimo.com/af/c/click?a_id=5718841&p_id=54&pc_id=54&pl_id=616&url=https%3A%2F%2Fitem.rakuten.co.jp%2Fkousuiandco%2Fpage-dav002-200%2F","https://item.rakuten.co.jp/kousuiandco/page-dav002-200/","","davidoff-1:rakuten","This operation was aborted"
"ok","200","official","giorgio-armani-3","https://www.armani.com/ja-jp/giorgio-armani/fragrances/giorgio-armani/acqua-di-gio/","https://www.armani.com/ja-jp/giorgio-armani/fragrances/giorgio-armani/acqua-di-gio/","","giorgio-armani-3:official|giorgio-armani-3:source",""
"timeout","","rakuten","giorgio-armani-3","https://af.moshimo.com/af/c/click?a_id=5718841&p_id=54&pc_id=54&pl_id=616&url=https%3A%2F%2Fitem.rakuten.co.jp%2Fkousuimonogatari%2F924377%2F","https://item.rakuten.co.jp/kousuimonogatari/924377/","","giorgio-armani-3:rakuten","This operation was aborted"
"timeout","","rakuten","giorgio-armani-4","https://af.moshimo.com/af/c/click?a_id=5718841&p_id=54&pc_id=54&pl_id=616&url=https%3A%2F%2Fitem.rakuten.co.jp%2Fcoscora%2F235253%2F","https://item.rakuten.co.jp/coscora/235253/","","giorgio-armani-4:rakuten","This operation was aborted"
"timeout","","rakuten","paco-rabanne-3","https://af.moshimo.com/af/c/click?a_id=5718841&p_id=54&pc_id=54&pl_id=616&url=https%3A%2F%2Fitem.rakuten.co.jp%2Fwish%2F10049299%2F","https://item.rakuten.co.jp/wish/10049299/","","paco-rabanne-3:rakuten","This operation was aborted"
"timeout","","rakuten","bvlgari-3","https://af.moshimo.com/af/c/click?a_id=5718841&p_id=54&pc_id=54&pl_id=616&url=https%3A%2F%2Fitem.rakuten.co.jp%2Fmimori%2F0783320427152%2F","https://item.rakuten.co.jp/mimori/0783320427152/","","bvlgari-3:rakuten","This operation was aborted"
"timeout","","rakuten","bvlgari-4","https://af.moshimo.com/af/c/click?a_id=5718841&p_id=54&pc_id=54&pl_id=616&url=https%3A%2F%2Fitem.rakuten.co.jp%2Fbelmo%2Ffr0783320461019%2F","https://item.rakuten.co.jp/belmo/fr0783320461019/","","bvlgari-4:rakuten","This operation was aborted"
"timeout","","rakuten","bvlgari-5","https://af.moshimo.com/af/c/click?a_id=5718841&p_id=54&pc_id=54&pl_id=616&url=https%3A%2F%2Fitem.rakuten.co.jp%2Fbesba%2Fbvl-917%2F","https://item.rakuten.co.jp/besba/bvl-917/","","bvlgari-5:rakuten","This operation was aborted"
"timeout","","rakuten","bvlgari-6","https://af.moshimo.com/af/c/click?a_id=5718841&p_id=54&pc_id=54&pl_id=616&url=https%3A%2F%2Fitem.rakuten.co.jp%2Fbelmo%2Ffr0783320403897%2F","https://item.rakuten.co.jp/belmo/fr0783320403897/","","bvlgari-6:rakuten","This operation was aborted"
"blocked","403","official","versace-4","https://www.versace.com/us/en/men/accessories/fragrances-body-care/pour-homme/pour-homme-edt-100-ml-blue/R720010-R100MLS_RTU_TU_RNUL__.html","https://www.versace.com/us/en/men/accessories/fragrances-body-care/pour-homme/pour-homme-edt-100-ml-blue/R720010-R100MLS_RTU_TU_RNUL__.html","","versace-4:official|versace-4:source",""
"timeout","","rakuten","versace-4","https://af.moshimo.com/af/c/click?a_id=5718841&p_id=54&pc_id=54&pl_id=616&url=https%3A%2F%2Fitem.rakuten.co.jp%2Fkousuimonogatari%2Fver1081_sale%2F","https://item.rakuten.co.jp/kousuimonogatari/ver1081_sale/","","versace-4:rakuten","This operation was aborted"
"blocked","403","source","versace-4","https://www.versace.com/us/en/men/accessories/fragrances-body-care/pour-homme/SET_Fragrances_PourHomme.html","https://www.versace.com/us/en/men/accessories/fragrances-body-care/pour-homme/SET_Fragrances_PourHomme.html","","versace-4:source",""
"timeout","","rakuten","versace-5","https://af.moshimo.com/af/c/click?a_id=5718841&p_id=54&pc_id=54&pl_id=616&url=https%3A%2F%2Fitem.rakuten.co.jp%2Fswishpop%2Fi0156839%2F","https://item.rakuten.co.jp/swishpop/i0156839/","","versace-5:rakuten","This operation was aborted"
"timeout","","rakuten","versace-6","https://af.moshimo.com/af/c/click?a_id=5718841&p_id=54&pc_id=54&pl_id=616&url=https%3A%2F%2Fitem.rakuten.co.jp%2Fbelmo%2Ffr8011003872077%2F","https://item.rakuten.co.jp/belmo/fr8011003872077/","","versace-6:rakuten","This operation was aborted"
"blocked","403","official","acqua-di-parma-2","https://www.acquadiparma.com/en/us/arancia-di-capri/ARANCIAEDTSPRAY.html","https://www.acquadiparma.com/en/us/arancia-di-capri/ARANCIAEDTSPRAY.html","","acqua-di-parma-2:official|acqua-di-parma-2:source",""
"timeout","","rakuten","acqua-di-parma-2","https://af.moshimo.com/af/c/click?a_id=5718841&p_id=54&pc_id=54&pl_id=616&url=https%3A%2F%2Fitem.rakuten.co.jp%2Fwish%2F10048622%2F","https://item.rakuten.co.jp/wish/10048622/","","acqua-di-parma-2:rakuten","This operation was aborted"
"timeout","","rakuten","acqua-di-parma-3","https://af.moshimo.com/af/c/click?a_id=5718841&p_id=54&pc_id=54&pl_id=616&url=https%3A%2F%2Fitem.rakuten.co.jp%2Fbelmo%2Ffr8028713828096%2F","https://item.rakuten.co.jp/belmo/fr8028713828096/","","acqua-di-parma-3:rakuten","This operation was aborted"
"timeout","","rakuten","acqua-di-parma-4","https://af.moshimo.com/af/c/click?a_id=5718841&p_id=54&pc_id=54&pl_id=616&url=https%3A%2F%2Fitem.rakuten.co.jp%2Faquabouquet%2F26001-50%2F","https://item.rakuten.co.jp/aquabouquet/26001-50/","","acqua-di-parma-4:rakuten","This operation was aborted"
"timeout","","rakuten","acqua-di-parma-5","https://af.moshimo.com/af/c/click?a_id=5718841&p_id=54&pc_id=54&pl_id=616&url=https%3A%2F%2Fitem.rakuten.co.jp%2Fdiogreco%2Facquadiparma-calabria-75ml%2F","https://item.rakuten.co.jp/diogreco/acquadiparma-calabria-75ml/","","acqua-di-parma-5:rakuten","This operation was aborted"
"timeout","","rakuten","loewe-1","https://af.moshimo.com/af/c/click?a_id=5718841&p_id=54&pc_id=54&pl_id=616&url=https%3A%2F%2Fitem.rakuten.co.jp%2Fsunbrand-select%2Flw001medt50ml%2F","https://item.rakuten.co.jp/sunbrand-select/lw001medt50ml/","","loewe-1:rakuten|loewe-1:source","This operation was aborted"
"timeout","","rakuten","loewe-2","https://af.moshimo.com/af/c/click?a_id=5718841&p_id=54&pc_id=54&pl_id=616&url=https%3A%2F%2Fitem.rakuten.co.jp%2Fsunbrand-select%2Flwesphedp50%2F","https://item.rakuten.co.jp/sunbrand-select/lwesphedp50/","","loewe-2:rakuten|loewe-2:source","This operation was aborted"
"timeout","","rakuten","loewe-3","https://af.moshimo.com/af/c/click?a_id=5718841&p_id=54&pc_id=54&pl_id=616&url=https%3A%2F%2Fitem.rakuten.co.jp%2Fwish%2F10053504%2F","https://item.rakuten.co.jp/wish/10053504/","","loewe-3:rakuten|loewe-3:source","This operation was aborted"
"timeout","","rakuten","loewe-4","https://af.moshimo.com/af/c/click?a_id=5718841&p_id=54&pc_id=54&pl_id=616&url=https%3A%2F%2Fitem.rakuten.co.jp%2Faquabouquet%2F8426017080705%2F","https://item.rakuten.co.jp/aquabouquet/8426017080705/","","loewe-4:rakuten|loewe-4:source","This operation was aborted"
"timeout","","rakuten","loewe-5","https://af.moshimo.com/af/c/click?a_id=5718841&p_id=54&pc_id=54&pl_id=616&url=https%3A%2F%2Fitem.rakuten.co.jp%2Fdiogreco%2Floewe-sololoewecedroedt-100ml%2F","https://item.rakuten.co.jp/diogreco/loewe-sololoewecedroedt-100ml/","","loewe-5:rakuten","This operation was aborted"
"timeout","","rakuten","loewe-6","https://af.moshimo.com/af/c/click?a_id=5718841&p_id=54&pc_id=54&pl_id=616&url=https%3A%2F%2Fitem.rakuten.co.jp%2Fdiogreco%2Floewe-aqualoeweeledt-100ml%2F","https://item.rakuten.co.jp/diogreco/loewe-aqualoeweeledt-100ml/","","loewe-6:rakuten","This operation was aborted"
"timeout","","rakuten","ralph-lauren-1","https://af.moshimo.com/af/c/click?a_id=5718841&p_id=54&pc_id=54&pl_id=616&url=https%3A%2F%2Fitem.rakuten.co.jp%2Fwish%2Fpzz620272%2F","https://item.rakuten.co.jp/wish/pzz620272/","","ralph-lauren-1:rakuten|ralph-lauren-1:source","This operation was aborted"
"timeout","","rakuten","ralph-lauren-2","https://af.moshimo.com/af/c/click?a_id=5718841&p_id=54&pc_id=54&pl_id=616&url=https%3A%2F%2Fitem.rakuten.co.jp%2Fwish%2F10055617%2F","https://item.rakuten.co.jp/wish/10055617/","","ralph-lauren-2:rakuten|ralph-lauren-2:source","This operation was aborted"
"timeout","","rakuten","ralph-lauren-3","https://af.moshimo.com/af/c/click?a_id=5718841&p_id=54&pc_id=54&pl_id=616&url=https%3A%2F%2Fitem.rakuten.co.jp%2Fwish%2F1580089%2F","https://item.rakuten.co.jp/wish/1580089/","","ralph-lauren-3:rakuten|ralph-lauren-3:source","This operation was aborted"
"timeout","","rakuten","ralph-lauren-4","https://af.moshimo.com/af/c/click?a_id=5718841&p_id=54&pc_id=54&pl_id=616&url=https%3A%2F%2Fitem.rakuten.co.jp%2Fwish%2F10041475%2F","https://item.rakuten.co.jp/wish/10041475/","","ralph-lauren-4:rakuten|ralph-lauren-4:source","This operation was aborted"
"timeout","","rakuten","ralph-lauren-5","https://af.moshimo.com/af/c/click?a_id=5718841&p_id=54&pc_id=54&pl_id=616&url=https%3A%2F%2Fitem.rakuten.co.jp%2Fbeautyfactory-belmo%2Ffr3605971512612%2F","https://item.rakuten.co.jp/beautyfactory-belmo/fr3605971512612/","","ralph-lauren-5:rakuten|ralph-lauren-5:source","This operation was aborted"
"timeout","","rakuten","ralph-lauren-6","https://af.moshimo.com/af/c/click?a_id=5718841&p_id=54&pc_id=54&pl_id=616&url=https%3A%2F%2Fitem.rakuten.co.jp%2Fbeautyfactory-belmo%2Ffr3605972698780%2F","https://item.rakuten.co.jp/beautyfactory-belmo/fr3605972698780/","","ralph-lauren-6:rakuten|ralph-lauren-6:source","This operation was aborted"
"timeout","","rakuten","lacoste-l1212-blanc-edt-50","https://af.moshimo.com/af/c/click?a_id=5718841&p_id=54&pc_id=54&pl_id=616&url=https%3A%2F%2Fitem.rakuten.co.jp%2Fbeautyfactory-belmo%2Ffr3386460149105%2F&m=http%3A%2F%2Fm.rakuten.co.jp%2Fbeautyfactory-belmo%2Fi%2F10046692%2F","https://item.rakuten.co.jp/beautyfactory-belmo/fr3386460149105/","","lacoste-l1212-blanc-edt-50:rakuten","This operation was aborted"
"blocked","403","source","lacoste-l1212-blanc-edt-50","https://www.lacoste.com/fr/lacoste/homme/accessoires/parfums/LC001A02-000.html","https://www.lacoste.com/fr/lacoste/homme/accessoires/parfums/LC001A02-000.html","","lacoste-l1212-blanc-edt-50:source",""
"timeout","","rakuten","lacoste-l1212-blanc-edp-50","https://af.moshimo.com/af/c/click?a_id=5718841&p_id=54&pc_id=54&pl_id=616&url=https%3A%2F%2Fitem.rakuten.co.jp%2Fbelmo%2Ffr3386460149099%2F&m=http%3A%2F%2Fm.rakuten.co.jp%2Fbelmo%2Fi%2F11965921%2F","https://item.rakuten.co.jp/belmo/fr3386460149099/","","lacoste-l1212-blanc-edp-50:rakuten","This operation was aborted"
"blocked","403","source","lacoste-l1212-blanc-edp-50","https://www.lacoste.com/fr/lacoste/homme/accessoires/parfums/LC002A02.html","https://www.lacoste.com/fr/lacoste/homme/accessoires/parfums/LC002A02.html","","lacoste-l1212-blanc-edp-50:source",""
"timeout","","rakuten","lacoste-l1212-blanc-eau-fraiche-edt-50","https://af.moshimo.com/af/c/click?a_id=5718841&p_id=54&pc_id=54&pl_id=616&url=https%3A%2F%2Fitem.rakuten.co.jp%2Fbelmo%2Ffr3386460149143%2F&m=http%3A%2F%2Fm.rakuten.co.jp%2Fbelmo%2Fi%2F11965930%2F","https://item.rakuten.co.jp/belmo/fr3386460149143/","","lacoste-l1212-blanc-eau-fraiche-edt-50:rakuten","This operation was aborted"
"blocked","403","source","lacoste-l1212-blanc-eau-fraiche-edt-50","https://www.lacoste.com/dk/lacoste/men/accessories/fragrance/LC003A02-000.html","https://www.lacoste.com/dk/lacoste/men/accessories/fragrance/LC003A02-000.html","","lacoste-l1212-blanc-eau-fraiche-edt-50:source",""
"blocked","403","source","lacoste-l1212-blanc-eau-fraiche-edt-50","https://www.lacoste.com/ca/en/lacoste/men/accessories/fragrance/99350108114.html","https://www.lacoste.com/ca/en/lacoste/men/accessories/fragrance/99350108114.html","","lacoste-l1212-blanc-eau-fraiche-edt-50:source",""
"timeout","","rakuten","lacoste-l1212-blanc-eau-intense-edt-100","https://af.moshimo.com/af/c/click?a_id=5718841&p_id=54&pc_id=54&pl_id=616&url=https%3A%2F%2Fitem.rakuten.co.jp%2Fbeautyfactory-belmo%2Ffr3616303459895%2F&m=http%3A%2F%2Fm.rakuten.co.jp%2Fbeautyfactory-belmo%2Fi%2F10005237%2F","https://item.rakuten.co.jp/beautyfactory-belmo/fr3616303459895/","","lacoste-l1212-blanc-eau-intense-edt-100:rakuten","This operation was aborted"
"blocked","403","source","lacoste-l1212-blanc-eau-intense-edt-100","https://www.lacoste.com/id/en/sport/l.12.12-blanc-eau-intense-100ml/0100-LACLC004A01.html","https://www.lacoste.com/id/en/sport/l.12.12-blanc-eau-intense-100ml/0100-LACLC004A01.html","","lacoste-l1212-blanc-eau-intense-edt-100:source",""
"timeout","","rakuten","lacoste-5","https://af.moshimo.com/af/c/click?a_id=5718841&p_id=54&pc_id=54&pl_id=616&url=https%3A%2F%2Fitem.rakuten.co.jp%2Fbelmo%2Ffr2010405000027%2F","https://item.rakuten.co.jp/belmo/fr2010405000027/","","lacoste-5:rakuten","This operation was aborted"
