"slug","brand","nameJa","nameEn","englishSlug","missingCount","missingFields"
"jo-malone-1","Jo Malone","ライムバジル & マンダリン","","","2","nameEn|englishSlug"
"acqua-di-parma-1","Acqua di Parma","コロニア","","","2","nameEn|englishSlug"
"dior-1","Dior","オー ソバージュ","","","2","nameEn|englishSlug"
"4711-1","4711","オーデコロン","","","2","nameEn|englishSlug"
"guerlain-1","Guerlain","オー インペリアル","","","2","nameEn|englishSlug"
"dolce-gabbana-1","Dolce&Gabbana","ライト ブルー プールオム","","","2","nameEn|englishSlug"
"hermes-2","Hermès","オー ドランジュ ヴェルト","","","3","officialLink|nameEn|englishSlug"
"dior-2","Dior","ソヴァージュ EDT","Sauvage Eau de Toilette","sauvage-eau-de-toilette","0",""
"ck-1","Calvin Klein","CK one","","","3","officialLink|nameEn|englishSlug"
"montblanc-1","Montblanc","レジェンド","","","2","nameEn|englishSlug"
"azzaro-1","Azzaro","プール オム","","","2","nameEn|englishSlug"
"chanel-1","Chanel","アリュール オム スポーツ","","","2","nameEn|englishSlug"
"paco-rabanne-1","Paco Rabanne","プール オム","","","5","concentration|officialLink|sources|nameEn|englishSlug"
"nautica-1","Nautica","ヴォヤージュ","","","2","nameEn|englishSlug"
"guerlain-2","Guerlain","ヴェチバー","","","2","nameEn|englishSlug"
"chanel-2","Chanel","エゴイスト プラチナム","","","2","nameEn|englishSlug"
"gucci-1","Gucci","ギルティ プールオム","","","2","nameEn|englishSlug"
"dior-3","Dior","ソヴァージュ EDP","","","2","nameEn|englishSlug"
"calvin-klein-1","Calvin Klein","エタニティ フォーメン","","","2","nameEn|englishSlug"
"ysl-2","YSL","リブレ オーデパルファン","","","2","nameEn|englishSlug"
"chanel-3","Chanel","チャンス オー タンドゥル","","","2","nameEn|englishSlug"
"dior-4","Dior","ジャドール","","","2","nameEn|englishSlug"
"gucci-2","Gucci","ブルーム","","","2","nameEn|englishSlug"
"gucci-3","Gucci","ギルティ アブソリュート プールオム","","","7","priceTier|displayedPrice|sizes|officialLink|sources|nameEn|englishSlug"
"gucci-4","Gucci","ギルティ エリクシール ドゥ パルファム プールオム","","","7","priceTier|displayedPrice|sizes|officialLink|sources|nameEn|englishSlug"
"gucci-5","Gucci","ギルティ プールオム オードパルファム","","","7","priceTier|displayedPrice|sizes|officialLink|sources|nameEn|englishSlug"
"gucci-6","Gucci","ギルティ ラブ エディション プールオム","","","7","priceTier|displayedPrice|sizes|officialLink|sources|nameEn|englishSlug"
"jo-malone-2","Jo Malone","イングリッシュ ペアー & フリージア","","","2","nameEn|englishSlug"
"marc-jacobs-1","Marc Jacobs","デイジー","","","2","nameEn|englishSlug"
"jo-malone-3","Jo Malone","ピオニー & ブラッシュ スエード","","","2","nameEn|englishSlug"
"versace-1","Versace","エロス EDT","","","2","nameEn|englishSlug"
"versace-2","Versace","ディラン ブルー","","","2","nameEn|englishSlug"
"azzaro-2","Azzaro","クローム","","","2","nameEn|englishSlug"
"mugler-1","Mugler","エンジェル","","","2","nameEn|englishSlug"
"thierry-mugler-1","Mugler","A*MEN","","","2","nameEn|englishSlug"
"giorgio-armani-1","Giorgio Armani","ストロンガー ウィズ ユー","","","3","officialLink|nameEn|englishSlug"
"viktor-rolf-1","Viktor&Rolf","スパイスボム エクストリーム","","","2","nameEn|englishSlug"
"prada-1","Prada","キャンディ","","","2","nameEn|englishSlug"
"carolina-herrera-1","Carolina Herrera","バッドボーイ","","","2","nameEn|englishSlug"
"ysl-3","YSL","ブラック オピウム","","","2","nameEn|englishSlug"
"ysl-6","YSL","MYSLF オーデパルファム","","","4","officialLink|sources|nameEn|englishSlug"
"ysl-7","YSL","MYSLF ルパルファム","","","4","officialLink|sources|nameEn|englishSlug"
"ysl-8","YSL","MYSLF ラブソリュ","","","4","officialLink|sources|nameEn|englishSlug"
"ysl-9","YSL","ラ ニュイ ド ロム","","","7","priceTier|displayedPrice|sizes|officialLink|sources|nameEn|englishSlug"
"maison-margiela-1","Maison Margiela","レプリカ ジャズクラブ","REPLICA Jazz Club","replica-jazz-club","0",""
"dior-5","Dior","ソヴァージュ エリクシール","","","2","nameEn|englishSlug"
"bvlgari-1","Bvlgari","マン イン ブラック","","","2","nameEn|englishSlug"
"viktor-rolf-2","Viktor&Rolf","スパイスボム","","","2","nameEn|englishSlug"
"maison-francis-kurkdjian-1","Maison Francis Kurkdjian","バカラ ルージュ 540","","","2","nameEn|englishSlug"
"maison-francis-kurkdjian-2","Maison Francis Kurkdjian","アクア ユニヴェルサリス","","","4","officialLink|sources|nameEn|englishSlug"
"maison-francis-kurkdjian-3","Maison Francis Kurkdjian","アミリス プールオム","","","4","officialLink|sources|nameEn|englishSlug"
"maison-francis-kurkdjian-4","Maison Francis Kurkdjian","アクア ヴィタエ フォルテ","","","4","officialLink|sources|nameEn|englishSlug"
"maison-francis-kurkdjian-5","Maison Francis Kurkdjian","アクア セレスティア","","","4","officialLink|sources|nameEn|englishSlug"
"maison-francis-kurkdjian-6","Maison Francis Kurkdjian","アクア セレスティア コローニュ フォルテ","","","4","officialLink|sources|nameEn|englishSlug"
"maison-francis-kurkdjian-7","Maison Francis Kurkdjian","バカラ ルージュ 540 エキストレ ドゥ パルファム","","","4","officialLink|sources|nameEn|englishSlug"
"versace-3","Versace","エロス フレイム","","","2","nameEn|englishSlug"
"chanel-4","Chanel","ブルー ドゥ シャネル EDP","","","2","nameEn|englishSlug"
"tom-ford-2","Tom Ford","オード ウッド","","","2","nameEn|englishSlug"
"dior-6","Dior","ファーレンハイト","","","2","nameEn|englishSlug"
"creed-1","Creed","アバントゥス","","","2","nameEn|englishSlug"
"creed-2","Creed","グリーン アイリッシュ ツイード","","","4","officialLink|sources|nameEn|englishSlug"
"creed-3","Creed","シルバー マウンテン ウォーター","","","4","officialLink|sources|nameEn|englishSlug"
"creed-4","Creed","ヴァージン アイランド ウォーター","","","4","officialLink|sources|nameEn|englishSlug"
"creed-5","Creed","アバントゥス コロン","","","4","officialLink|sources|nameEn|englishSlug"
"creed-6","Creed","ミレジム インペリアル","","","4","officialLink|sources|nameEn|englishSlug"
"creed-7","Creed","ボワ ドゥ ポルトガル","","","4","officialLink|sources|nameEn|englishSlug"
"giorgio-armani-2","Giorgio Armani","アルマーニ コード","","","2","nameEn|englishSlug"
"le-labo-1","Le Labo","サンタル 33","Santal 33","santal-33","0",""
"diptyque-1","Diptyque","タムダオ","","","2","nameEn|englishSlug"
"diptyque-2","Diptyque","オルフェオン","","","3","officialLink|nameEn|englishSlug"
"diptyque-3","Diptyque","フィロシコス","","","3","officialLink|nameEn|englishSlug"
"diptyque-4","Diptyque","ドソン","","","3","officialLink|nameEn|englishSlug"
"diptyque-5","Diptyque","フルール ドゥ ポー","","","3","officialLink|nameEn|englishSlug"
"byredo-1","Byredo","ジプシー ウォーター","","","2","nameEn|englishSlug"
"dunhill-1","Dunhill","アイコン","","","6","concentration|sizes|officialLink|sources|nameEn|englishSlug"
"dunhill-2","Dunhill","デザイア フォーメン","","","7","priceTier|displayedPrice|sizes|officialLink|sources|nameEn|englishSlug"
"prada-2","Prada","ルオム","","","2","nameEn|englishSlug"
"prada-3","Prada","ルナロッサ カーボン","","","3","officialLink|nameEn|englishSlug"
"prada-4","Prada","インフュージョン ディリス","","","3","officialLink|nameEn|englishSlug"
"prada-5","Prada","ルナ ロッサ オーシャン","","","4","officialLink|sources|nameEn|englishSlug"
"prada-6","Prada","ルナ ロッサ ブラック","","","4","officialLink|sources|nameEn|englishSlug"
"prada-7","Prada","ルオム インテンス","","","7","priceTier|displayedPrice|sizes|officialLink|sources|nameEn|englishSlug"
"montblanc-2","Montblanc","エクスプローラー","","","2","nameEn|englishSlug"
"jo-malone-4","Jo Malone","ウッドセージ & シーソルト","Wood Sage & Sea Salt Cologne","wood-sage-and-sea-salt-cologne","0",""
"jo-malone-5","Jo Malone","ミルラ & トンカ","","","4","officialLink|sources|nameEn|englishSlug"
"jo-malone-6","Jo Malone","ポメグラネート ノアール","","","7","priceTier|displayedPrice|sizes|officialLink|sources|nameEn|englishSlug"
"hugo-boss-1","Hugo Boss","ボス ボトルド","","","2","nameEn|englishSlug"
"hugo-boss-2","Hugo Boss","ボス ボトルド ナイト","","","4","officialLink|sources|nameEn|englishSlug"
"hugo-boss-3","Hugo Boss","ボス ボトルド インフィニット","","","4","officialLink|sources|nameEn|englishSlug"
"hugo-boss-4","Hugo Boss","ボス ボトルド エリクサー インテンス","","","7","priceTier|displayedPrice|sizes|officialLink|sources|nameEn|englishSlug"
"hugo-boss-5","Hugo Boss","ボス ザ セント","","","7","priceTier|displayedPrice|sizes|officialLink|sources|nameEn|englishSlug"
"hugo-boss-6","Hugo Boss","ヒューゴ マン","","","7","priceTier|displayedPrice|sizes|officialLink|sources|nameEn|englishSlug"
"dior-7","Dior","ディオール オム","","","2","nameEn|englishSlug"
"tom-ford-3","Tom Ford","ブラック オーキッド","","","2","nameEn|englishSlug"
"tom-ford-4","Tom Ford","ネロリ ポルトフィーノ","","","4","officialLink|sources|nameEn|englishSlug"
"tom-ford-5","Tom Ford","ノワール エクストリーム","","","4","officialLink|sources|nameEn|englishSlug"
"tom-ford-6","Tom Ford","グレー ヴェチバー","","","4","officialLink|sources|nameEn|englishSlug"
"tom-ford-7","Tom Ford","タバコ バニラ","","","4","officialLink|sources|nameEn|englishSlug"
"aramis-1","Aramis","アラミス","","","5","concentration|officialLink|sources|nameEn|englishSlug"
"chanel-5","Chanel","プール ムッシュ","","","2","nameEn|englishSlug"
"guerlain-3","Guerlain","ミツコ","","","2","nameEn|englishSlug"
"guerlain-4","Guerlain","ロム イデアル エクストレム","","","7","priceTier|displayedPrice|sizes|officialLink|sources|nameEn|englishSlug"
"guerlain-5","Guerlain","アビ ルージュ","","","7","priceTier|displayedPrice|sizes|officialLink|sources|nameEn|englishSlug"
"guerlain-6","Guerlain","ゲラン オム","","","7","priceTier|displayedPrice|sizes|officialLink|sources|nameEn|englishSlug"
"chanel-6","Chanel","アンテウス","","","2","nameEn|englishSlug"
"shiro-1","SHIRO","サボン オードパルファン","","","2","nameEn|englishSlug"
"narciso-rodriguez-1","Narciso Rodriguez","フォー ハー","","","5","concentration|officialLink|sources|nameEn|englishSlug"
"le-labo-2","Le Labo","アナザー 13","","","2","nameEn|englishSlug"
"maison-margiela-2","Maison Margiela","レイジー サンデー モーニング","","","2","nameEn|englishSlug"
"maison-margiela-3","Maison Margiela","レプリカ セーリング デイ","","","3","officialLink|nameEn|englishSlug"
"maison-margiela-4","Maison Margiela","レプリカ ネバーエンディング サマー","","","3","officialLink|nameEn|englishSlug"
"maison-margiela-5","Maison Margiela","バイ ザ ファイヤープレイス","","","7","priceTier|displayedPrice|sizes|officialLink|sources|nameEn|englishSlug"
"maison-margiela-6","Maison Margiela","ビーチ ウォーク","","","7","priceTier|displayedPrice|sizes|officialLink|sources|nameEn|englishSlug"
"maison-margiela-7","Maison Margiela","コーヒー ブレイク","","","7","priceTier|displayedPrice|sizes|officialLink|sources|nameEn|englishSlug"
"narciso-rodriguez-2","Narciso Rodriguez","フォー ヒム","","","7","concentration|sizes|officialLink|rakutenLink|sources|nameEn|englishSlug"
"glossier-1","Glossier","ユー","","","3","concentration|nameEn|englishSlug"
"bvlgari-2","Bvlgari","ブルガリ プールオム","","","2","nameEn|englishSlug"
"aesop-1","Aesop","タシット","Tacit Eau de Parfum","tacit-eau-de-parfum","0",""
"davidoff-1","Davidoff","クール ウォーター","","","2","nameEn|englishSlug"
"giorgio-armani-3","Giorgio Armani","アクア ディ ジオ","","","2","nameEn|englishSlug"
"giorgio-armani-4","Giorgio Armani","ストロンガー ウィズ ユー インテンスリー","","","7","priceTier|displayedPrice|sizes|officialLink|sources|nameEn|englishSlug"
"paco-rabanne-3","Paco Rabanne","インヴィクタス","","","6","concentration|sizes|officialLink|sources|nameEn|englishSlug"
"bvlgari-3","Bvlgari","アクア プールオム","","","5","concentration|officialLink|sources|nameEn|englishSlug"
"bvlgari-4","Bvlgari","マン ウッド エッセンス","","","7","priceTier|displayedPrice|sizes|officialLink|sources|nameEn|englishSlug"
"bvlgari-5","Bvlgari","マン レイン エッセンス","","","7","priceTier|displayedPrice|sizes|officialLink|sources|nameEn|englishSlug"
"bvlgari-6","Bvlgari","マン ウッド ネロリ","","","7","priceTier|displayedPrice|sizes|officialLink|sources|nameEn|englishSlug"
"versace-4","Versace","プールオム","","","2","nameEn|englishSlug"
"versace-5","Versace","エロス エナジー","","","7","priceTier|displayedPrice|sizes|officialLink|sources|nameEn|englishSlug"
"versace-6","Versace","エロス パルファム","","","7","priceTier|displayedPrice|sizes|officialLink|sources|nameEn|englishSlug"
"acqua-di-parma-2","Acqua di Parma","ブルー メディテラネオ アランチャ","","","2","nameEn|englishSlug"
"acqua-di-parma-3","Acqua di Parma","コロニア インテンサ","","","7","priceTier|displayedPrice|sizes|officialLink|sources|nameEn|englishSlug"
"acqua-di-parma-4","Acqua di Parma","コロニア クラブ","","","7","priceTier|displayedPrice|sizes|officialLink|sources|nameEn|englishSlug"
"acqua-di-parma-5","Acqua di Parma","ブルー メディテラネオ ベルガモット ディ カラブリア","","","7","priceTier|displayedPrice|sizes|officialLink|sources|nameEn|englishSlug"
"loewe-1","Loewe","001 マン","","","3","officialLink|nameEn|englishSlug"
"loewe-2","Loewe","エセンシア","","","3","officialLink|nameEn|englishSlug"
"loewe-3","Loewe","アグア エル クラシコ","","","3","officialLink|nameEn|englishSlug"
"loewe-4","Loewe","アグア ドロップ","","","3","officialLink|nameEn|englishSlug"
"loewe-5","Loewe","ソロ ロエベ セドロ","","","7","priceTier|displayedPrice|sizes|officialLink|sources|nameEn|englishSlug"
"loewe-6","Loewe","アグア デ ロエベ エル","","","7","priceTier|displayedPrice|sizes|officialLink|sources|nameEn|englishSlug"
"ralph-lauren-1","Ralph Lauren","サファリ フォーメン","","","3","officialLink|nameEn|englishSlug"
"ralph-lauren-2","Ralph Lauren","ポロ","","","3","officialLink|nameEn|englishSlug"
"ralph-lauren-3","Ralph Lauren","ポロ ブルー","","","3","officialLink|nameEn|englishSlug"
"ralph-lauren-4","Ralph Lauren","ポロ レッド","","","3","officialLink|nameEn|englishSlug"
"ralph-lauren-5","Ralph Lauren","ラルフズ クラブ","","","3","officialLink|nameEn|englishSlug"
"ralph-lauren-6","Ralph Lauren","ラルフズ クラブ パルファム","","","3","officialLink|nameEn|englishSlug"
"lacoste-l1212-blanc-edt-50","Lacoste","オーデ ラコステ L.12.12 ブラン EDT 50mL","","","5","seasons|scenes|officialLink|nameEn|englishSlug"
"lacoste-l1212-blanc-edp-50","Lacoste","オーデ ラコステ L.12.12 ブラン EDP 50mL","","","5","seasons|scenes|officialLink|nameEn|englishSlug"
"lacoste-l1212-blanc-eau-fraiche-edt-50","Lacoste","オーデ ラコステ L.12.12 ブラン オーフレッシュ EDT 50mL","","","5","seasons|scenes|officialLink|nameEn|englishSlug"
"lacoste-l1212-blanc-eau-intense-edt-100","Lacoste","オーデ ラコステ L.12.12 ブラン オーインテンス EDT 100mL","","","5","seasons|scenes|officialLink|nameEn|englishSlug"
"lacoste-5","Lacoste","L.12.12 ノワール","","","7","priceTier|displayedPrice|sizes|officialLink|sources|nameEn|englishSlug"
