"slug","title","description","h1","h1_count","canonical","article_jsonld","breadcrumb_jsonld","faq_jsonld","author_visible","sources_visible","category","related_articles","related_products","status"
"aesop-vs-diptyque","アエソップとディプティック、ナチュラル系ニッチの本流｜Sillage（シヤージュ）","アエソップとディプティックの香水を、植物感・芸術性・日常性・静けさで図解比較。ナチュラル系ニッチの選び分けを解説。","アエソップとディプティック、ナチュラル系ニッチの本流","1","https://sillage.asutelu.com/columns/aesop-vs-diptyque","true","true","true","true","true","ブランド・商品比較","4","4","ok"
"age-and-perfume","「30代だからこの香り」という選び方は必要？｜Sillage（シヤージュ）","年齢別の香水選びに迷う人へ。年代を唯一の基準にせず、場面・距離・好み・服装から自分に合う香りを選ぶ方法を解説します。","「30代だからこの香り」という選び方は必要？","1","https://sillage.asutelu.com/columns/age-and-perfume","true","true","true","true","true","香水初心者","4","3","ok"
"blotter-vs-skin","香水を試すなら紙と肌のどちら？｜Sillage（シヤージュ）","ムエットと肌で香水を試す違いを解説。店頭で候補を絞り、時間変化と肌での印象を無理なく比較する順番を紹介します。","香水を試すなら紙と肌のどちら？","1","https://sillage.asutelu.com/columns/blotter-vs-skin","true","true","true","true","true","購入・試香","4","3","ok"
"business-fragrance","職場の香水は何プッシュ？迷惑にならない選び方とつけ方｜Sillage（シヤージュ）","職場で香水を使う時の量、香調、つける場所を整理。会議や商談など距離が近い場面で、周囲へ配慮する判断方法を解説します。","職場の香水は何プッシュ？迷惑にならない選び方とつけ方","1","https://sillage.asutelu.com/columns/business-fragrance","true","true","true","true","true","シーン・季節","4","4","ok"
"bvlgari-vs-versace","ブルガリとヴェルサーチ、イタリア二大ブランドの香水比較｜Sillage（シヤージュ）","ブルガリとヴェルサーチのメンズ香水を、清潔感・華やかさ・仕事・デート適性で図解比較。年代や場面に合う選び方を解説。","ブルガリとヴェルサーチ、イタリア二大ブランドの香水比較","1","https://sillage.asutelu.com/columns/bvlgari-vs-versace","true","true","true","true","true","ブランド・商品比較","4","4","ok"
"chanel-vs-dior","シャネルとディオール、パリ二大メゾンの違い｜Sillage（シヤージュ）","シャネルとディオールのメンズ香水を、清潔感・存在感・日常性・個性で図解比較。どちらが自分に合うか具体的に分かります。","シャネルとディオール、パリ二大メゾンの違い","1","https://sillage.asutelu.com/columns/chanel-vs-dior","true","true","true","true","true","ブランド・商品比較","4","4","ok"
"concentration-guide","EDT・EDP・パルファムの違い｜濃度だけで選ばない香水入門｜Sillage（シヤージュ）","オードトワレ、オードパルファム、パルファムの違いを図解。持続時間・広がり方・季節・職場での選び方を初心者向けに解説します。","EDT・EDP・パルファムの違い｜濃度だけで選ばない香水入門","1","https://sillage.asutelu.com/columns/concentration-guide","true","true","true","true","true","香りの知識","4","3","ok"
"first-fragrance","香水初心者の一本目｜失敗しない5ステップ｜Sillage（シヤージュ）","初めての香水を選ぶ5ステップを図解。予算・場面・香調・試香・購入サイズまで、店頭で迷わない順番が分かります。","香水初心者の一本目｜失敗しない5ステップ","1","https://sillage.asutelu.com/columns/first-fragrance","true","true","true","true","true","香水初心者","4","4","ok"
"hermes-vs-acquadiparma","エルメスとアクア ディ パルマ、老舗の上品さの違い｜Sillage（シヤージュ）","エルメスとアクア ディ パルマの香水を、品格・明るさ・仕事適性・季節で図解比較。大人のメンズ香水の選び方を解説。","エルメスとアクア ディ パルマ、老舗の上品さの違い","1","https://sillage.asutelu.com/columns/hermes-vs-acquadiparma","true","true","true","true","true","ブランド・商品比較","4","4","ok"
"how-many-sprays","香水は何プッシュが正解？濃度・場所・場面別の目安｜Sillage（シヤージュ）","香水を何プッシュつけるか迷う初心者へ。濃度、つける位置、職場・屋外などの場面別に、少量から調整する目安を解説します。","香水は何プッシュが正解？濃度・場所・場面別の目安","1","https://sillage.asutelu.com/columns/how-many-sprays","true","true","true","true","true","つけ方・使い方","4","3","ok"
"how-to-test-perfume","香水を店頭で試す方法｜ムエットと肌の正しい使い分け｜Sillage（シヤージュ）","香水を店頭で試す初心者へ。ムエットで候補を絞り、肌で時間変化を確認する順番と、一度に試しすぎない比較方法を解説します。","香水を店頭で試す方法｜ムエットと肌の正しい使い分け","1","https://sillage.asutelu.com/columns/how-to-test-perfume","true","true","true","true","true","購入・試香","4","3","ok"
"how-to-wear","香水の正しいつけ方｜量・場所・タイミングの基本｜Sillage（シヤージュ）","香水の量、つける場所、タイミングを身体図で解説。手首・首・腰の違いと、周囲へ配慮しながら使う基本が分かります。","香水の正しいつけ方｜量・場所・タイミングの基本","1","https://sillage.asutelu.com/columns/how-to-wear","true","true","true","true","true","つけ方・使い方","4","3","ok"
"lelabo-vs-jomalone","ル ラボとジョー マローン、現代ニッチの2大スター｜Sillage（シヤージュ）","ル ラボとジョー マローンを、個性・重ねづけ・日常性・ギフト適性で図解比較。初めてのニッチ香水選びを分かりやすく解説します。","ル ラボとジョー マローン、現代ニッチの2大スター","1","https://sillage.asutelu.com/columns/lelabo-vs-jomalone","true","true","true","true","true","ブランド・商品比較","4","4","ok"
"make-perfume-last-longer","香水がすぐ消えるのはなぜ？長持ちさせる7つの方法｜Sillage（シヤージュ）","香水がすぐ消えたように感じる理由を、嗅覚の慣れ、肌の乾燥、量、位置、保管から整理。無理につけ足さず香りを保つ方法を解説します。","香水がすぐ消えるのはなぜ？長持ちさせる7つの方法","1","https://sillage.asutelu.com/columns/make-perfume-last-longer","true","true","true","true","true","つけ方・使い方","4","3","ok"
"margiela-vs-byredo","マルジェラとバイレード、モダンニッチの新世代｜Sillage（シヤージュ）","メゾン マルジェラとバイレードを、物語性・日常性・個性・SNS映えで図解比較。現代ニッチ香水の選び方を解説。","マルジェラとバイレード、モダンニッチの新世代","1","https://sillage.asutelu.com/columns/margiela-vs-byredo","true","true","true","true","true","ブランド・商品比較","4","4","ok"
"notes-pyramid","トップ・ミドル・ラストの読み方｜Sillage（シヤージュ）","香水のトップノート・ミドルノート・ラストノートを時間軸の図で解説。試香で失敗しない待ち時間と香調表の読み方が分かります。","トップ・ミドル・ラストの読み方","1","https://sillage.asutelu.com/columns/notes-pyramid","true","true","true","true","true","香りの知識","4","3","ok"
"office-perfume-amount","職場で香水が迷惑にならない量とつけ方｜Sillage（シヤージュ）","職場で香水を使う時の量、場所、つける時間を解説。会議室や飲食を伴う場面でも周囲へ配慮しやすい確認手順をまとめます。","職場で香水が迷惑にならない量とつけ方","1","https://sillage.asutelu.com/columns/office-perfume-amount","true","true","true","true","true","シーン・季節","4","3","ok"
"perfume-bottle-size","香水初心者は何mLを買う？10・30・50・100mLの選び方｜Sillage（シヤージュ）","香水初心者が容量で迷った時の選び方を解説。10・30・50・100mLを、試香状況、使用場面、予算、持ち運びから比較します。","香水初心者は何mLを買う？10・30・50・100mLの選び方","1","https://sillage.asutelu.com/columns/perfume-bottle-size","true","true","true","true","true","香水初心者","4","3","ok"
"perfume-decanting","アトマイザーへの香水の移し方｜漏れ・劣化を防ぐ注意点｜Sillage（シヤージュ）","香水をアトマイザーへ移す際の衛生、容器、ラベル、漏れ対策を解説。持ち運び前に確認したい手順をまとめます。","アトマイザーへの香水の移し方｜漏れ・劣化を防ぐ注意点","1","https://sillage.asutelu.com/columns/perfume-decanting","true","true","true","true","true","保存・持ち運び","4","3","ok"
"perfume-discoloration","香水が変色したら使える？確認したいサイン｜Sillage（シヤージュ）","香水の色が変わった時に確認したい、匂い・濁り・沈殿・保管状況を整理。使用を続ける前の安全な判断手順を紹介します。","香水が変色したら使える？確認したいサイン","1","https://sillage.asutelu.com/columns/perfume-discoloration","true","true","true","true","true","保存・持ち運び","4","3","ok"
"perfume-expiration","香水の使用期限は何年？開封後の目安と劣化の見分け方｜Sillage（シヤージュ）","香水の使用期限を一律の年数で決めず、製品表示、開封時期、保管状況、色・濁り・におい・容器の変化から確認する方法を解説します。","香水の使用期限は何年？開封後の目安と劣化の見分け方","1","https://sillage.asutelu.com/columns/perfume-expiration","true","true","true","true","true","保存・持ち運び","4","3","ok"
"perfume-gift-guide","香水をプレゼントする時の選び方｜失敗しにくい7つの確認｜Sillage（シヤージュ）","香水をプレゼントする前に確認したい、好み、愛用品の正式名称、濃度、容量、生活環境、交換条件、試香方法を初心者向けに解説します。","香水をプレゼントする時の選び方｜失敗しにくい7つの確認","1","https://sillage.asutelu.com/columns/perfume-gift-guide","true","true","true","true","true","購入・試香","4","3","ok"
"perfume-gift-mistakes","プレゼントで香水を選ぶ際の失敗と避け方｜Sillage（シヤージュ）","香水を贈る時に起こりやすい、好み・濃度・容量・正式名称の取り違えを防ぐ方法を解説。無理に本品を選ばない代替案も紹介します。","プレゼントで香水を選ぶ際の失敗と避け方","1","https://sillage.asutelu.com/columns/perfume-gift-mistakes","true","true","true","true","true","購入・試香","4","3","ok"
"perfume-on-clothes","香水を服につけてもいい？シミ・変色・香り方の注意点｜Sillage（シヤージュ）","香水を服につける前に確認したい、シミ・変色・香り残りの注意点を解説。肌につける場合との違いと慎重な試し方を紹介します。","香水を服につけてもいい？シミ・変色・香り方の注意点","1","https://sillage.asutelu.com/columns/perfume-on-clothes","true","true","true","true","true","つけ方・使い方","4","3","ok"
"perfume-storage","香水の正しい保存方法｜冷蔵庫・洗面所・窓際は大丈夫？｜Sillage（シヤージュ）","香水を保管する場所の選び方を解説。冷蔵庫・洗面所・窓際を比較し、直射日光、高温多湿、温度変化を避ける基本をまとめます。","香水の正しい保存方法｜冷蔵庫・洗面所・窓際は大丈夫？","1","https://sillage.asutelu.com/columns/perfume-storage","true","true","true","true","true","保存・持ち運び","4","3","ok"
"perfume-store-comparison","店頭で香水を比較する順番｜Sillage（シヤージュ）","香水売り場で候補を増やしすぎず、ムエットから肌へ絞る比較手順を解説。用途・予算・時間変化を記録して選ぶ方法を紹介します。","店頭で香水を比較する順番","1","https://sillage.asutelu.com/columns/perfume-store-comparison","true","true","true","true","true","購入・試香","4","3","ok"
"season-scene-map","季節×シーンで選ぶメンズ香水マップ｜Sillage（シヤージュ）","春夏秋冬と仕事・デート・休日の組み合わせから、失敗しにくい香調を図解。シトラス、ウッディ、ムスク、アンバーの使い分けが分かります。","季節×シーンで選ぶメンズ香水マップ","1","https://sillage.asutelu.com/columns/season-scene-map","true","true","true","true","true","シーン・季節","4","4","ok"
"summer-perfume-strong","夏に香水が強く感じる理由と選び方｜Sillage（シヤージュ）","夏に香水が強く感じやすい理由を、気温・湿度・汗・距離から整理。量とつける場所を調整し、暑い日にも使いやすくする方法を解説します。","夏に香水が強く感じる理由と選び方","1","https://sillage.asutelu.com/columns/summer-perfume-strong","true","true","true","true","true","シーン・季節","4","3","ok"
"tomford-vs-creed","トム フォードとクリード、高級メンズの頂点を比較｜Sillage（シヤージュ）","トム フォードとクリードのメンズ香水を、存在感・クラシックさ・夜向き・日常性で図解比較。高価格帯で後悔しない選び方を解説。","トム フォードとクリード、高級メンズの頂点を比較","1","https://sillage.asutelu.com/columns/tomford-vs-creed","true","true","true","true","true","ブランド・商品比較","4","4","ok"
"too-much-perfume","香水をつけすぎた時の落とし方｜外出前・外出先の対処法｜Sillage（シヤージュ）","香水をつけすぎた時に、肌・服・室内で香りを弱める手順を整理。外出前と外出先に分け、周囲へ広げず対処する方法を紹介します。","香水をつけすぎた時の落とし方｜外出前・外出先の対処法","1","https://sillage.asutelu.com/columns/too-much-perfume","true","true","true","true","true","失敗・トラブル","4","3","ok"
"where-to-apply-perfume","香水はどこにつける？手首・首・腰・服の違い｜Sillage（シヤージュ）","香水をつける場所で迷う人へ。手首・首・腰・膝裏・服の違いを、香りの距離と場面から比較し、初心者向けの選び方を解説します。","香水はどこにつける？手首・首・腰・服の違い","1","https://sillage.asutelu.com/columns/where-to-apply-perfume","true","true","true","true","true","つけ方・使い方","4","3","ok"
"why-cant-smell-own-perfume","香水の匂いが自分で分からない理由｜つけ足す前に知る嗅覚順応｜Sillage（シヤージュ）","つけた香水を自分だけ感じにくくなる理由と、つけ足しを防ぐ確認方法を解説。嗅覚の慣れと香りの変化を分けて考えます。","香水の匂いが自分で分からない理由｜つけ足す前に知る嗅覚順応","1","https://sillage.asutelu.com/columns/why-cant-smell-own-perfume","true","true","true","true","true","失敗・トラブル","4","3","ok"
"why-margiela-replica","なぜマルジェラのレプリカは人気なのか｜Sillage（シヤージュ）","メゾン マルジェラ「レプリカ」が人気の理由を、ネーミング・記憶・香り・SNS・ギフトの5要素から図解して解説します。","なぜマルジェラのレプリカは人気なのか","1","https://sillage.asutelu.com/columns/why-margiela-replica","true","true","true","true","true","ブランド・商品比較","4","4","ok"
