"source_slug","target_type","target_slug","url","anchor_text"
"aesop-vs-diptyque","home","","https://sillage.asutelu.com/","Sillage"
"aesop-vs-diptyque","category","","https://sillage.asutelu.com/guides.html","香水コラム"
"aesop-vs-diptyque","category","","https://sillage.asutelu.com/guides.html#category-comparison","ブランド・商品比較の記事一覧"
"aesop-vs-diptyque","filter","","https://sillage.asutelu.com/#fragrance-wheel","香調ホイールから香水を絞り込む"
"aesop-vs-diptyque","filter","","https://sillage.asutelu.com/#find-fragrances","シーン・季節の条件から香水を絞り込む"
"aesop-vs-diptyque","brand","aesop","https://sillage.asutelu.com/brand-aesop.html","Aesop"
"aesop-vs-diptyque","brand","diptyque","https://sillage.asutelu.com/brand-diptyque.html","Diptyque"
"aesop-vs-diptyque","brand","le-labo","https://sillage.asutelu.com/brand-le-labo.html","Le Labo"
"aesop-vs-diptyque","brand","byredo","https://sillage.asutelu.com/brand-byredo.html","Byredo"
"aesop-vs-diptyque","product","aesop-1","https://sillage.asutelu.com/items/aesop-1","タシットの香りを見る →"
"aesop-vs-diptyque","product","diptyque-1","https://sillage.asutelu.com/items/diptyque-1","タムダオの香りを見る →"
"aesop-vs-diptyque","product","le-labo-2","https://sillage.asutelu.com/items/le-labo-2","アナザー 13の香りを見る →"
"aesop-vs-diptyque","product","byredo-1","https://sillage.asutelu.com/items/byredo-1","ジプシー ウォーターの香りを見る →"
"aesop-vs-diptyque","article","chanel-vs-dior","https://sillage.asutelu.com/columns/chanel-vs-dior","シャネルとディオール、パリ二大メゾンの違い"
"aesop-vs-diptyque","article","lelabo-vs-jomalone","https://sillage.asutelu.com/columns/lelabo-vs-jomalone","ル ラボとジョー マローン、現代ニッチの2大スター"
"aesop-vs-diptyque","article","tomford-vs-creed","https://sillage.asutelu.com/columns/tomford-vs-creed","トム フォードとクリード、高級メンズの頂点を比較"
"aesop-vs-diptyque","article","margiela-vs-byredo","https://sillage.asutelu.com/columns/margiela-vs-byredo","マルジェラとバイレード、モダンニッチの新世代"
"aesop-vs-diptyque","page","","https://sillage.asutelu.com/about.html#update-policy","編集方針・更新ポリシー"
"age-and-perfume","home","","https://sillage.asutelu.com/","Sillage"
"age-and-perfume","category","","https://sillage.asutelu.com/guides.html","香水コラム"
"age-and-perfume","category","","https://sillage.asutelu.com/guides.html#category-beginner","香水初心者の記事一覧"
"age-and-perfume","filter","","https://sillage.asutelu.com/#fragrance-wheel","香調ホイールから香水を絞り込む"
"age-and-perfume","filter","","https://sillage.asutelu.com/#find-fragrances","シーン・季節の条件から香水を絞り込む"
"age-and-perfume","brand","hermes","https://sillage.asutelu.com/brand-hermes.html","Hermès"
"age-and-perfume","brand","le-labo","https://sillage.asutelu.com/brand-le-labo.html","Le Labo"
"age-and-perfume","brand","jo-malone","https://sillage.asutelu.com/brand-jo-malone.html","Jo Malone"
"age-and-perfume","product","hermes-3","https://sillage.asutelu.com/items/hermes-3","テール ド エルメスの香りを見る →"
"age-and-perfume","product","le-labo-2","https://sillage.asutelu.com/items/le-labo-2","アナザー 13の香りを見る →"
"age-and-perfume","product","jo-malone-4","https://sillage.asutelu.com/items/jo-malone-4","ウッドセージ &amp;amp; シーソルトの香りを見る →"
"age-and-perfume","article","first-fragrance","https://sillage.asutelu.com/columns/first-fragrance","香水初心者の一本目｜失敗しない5ステップ"
"age-and-perfume","article","perfume-bottle-size","https://sillage.asutelu.com/columns/perfume-bottle-size","香水初心者は何mLを買う？10・30・50・100mLの選び方"
"age-and-perfume","article","business-fragrance","https://sillage.asutelu.com/columns/business-fragrance","職場の香水は何プッシュ？迷惑にならない選び方とつけ方"
"age-and-perfume","article","how-to-wear","https://sillage.asutelu.com/columns/how-to-wear","香水の正しいつけ方｜量・場所・タイミングの基本"
"age-and-perfume","page","","https://sillage.asutelu.com/about.html#update-policy","編集方針・更新ポリシー"
"blotter-vs-skin","home","","https://sillage.asutelu.com/","Sillage"
"blotter-vs-skin","category","","https://sillage.asutelu.com/guides.html","香水コラム"
"blotter-vs-skin","category","","https://sillage.asutelu.com/guides.html#category-buying","購入・試香の記事一覧"
"blotter-vs-skin","filter","","https://sillage.asutelu.com/#fragrance-wheel","香調ホイールから香水を絞り込む"
"blotter-vs-skin","filter","","https://sillage.asutelu.com/#find-fragrances","シーン・季節の条件から香水を絞り込む"
"blotter-vs-skin","brand","dior","https://sillage.asutelu.com/brand-dior.html","Dior"
"blotter-vs-skin","brand","chanel","https://sillage.asutelu.com/brand-chanel.html","Chanel"
"blotter-vs-skin","brand","aesop","https://sillage.asutelu.com/brand-aesop.html","Aesop"
"blotter-vs-skin","product","dior-2","https://sillage.asutelu.com/items/dior-2","ソヴァージュ EDTの香りを見る →"
"blotter-vs-skin","product","chanel-4","https://sillage.asutelu.com/items/chanel-4","ブルー ドゥ シャネル EDPの香りを見る →"
"blotter-vs-skin","product","aesop-1","https://sillage.asutelu.com/items/aesop-1","タシットの香りを見る →"
"blotter-vs-skin","article","perfume-store-comparison","https://sillage.asutelu.com/columns/perfume-store-comparison","店頭で香水を比較する順番"
"blotter-vs-skin","article","perfume-gift-mistakes","https://sillage.asutelu.com/columns/perfume-gift-mistakes","プレゼントで香水を選ぶ際の失敗と避け方"
"blotter-vs-skin","article","how-to-test-perfume","https://sillage.asutelu.com/columns/how-to-test-perfume","香水を店頭で試す方法｜ムエットと肌の正しい使い分け"
"blotter-vs-skin","article","perfume-gift-guide","https://sillage.asutelu.com/columns/perfume-gift-guide","香水をプレゼントする時の選び方｜失敗しにくい7つの確認"
"blotter-vs-skin","page","","https://sillage.asutelu.com/about.html#update-policy","編集方針・更新ポリシー"
"business-fragrance","home","","https://sillage.asutelu.com/","Sillage"
"business-fragrance","category","","https://sillage.asutelu.com/guides.html","香水コラム"
"business-fragrance","category","","https://sillage.asutelu.com/guides.html#category-scene","シーン・季節の記事一覧"
"business-fragrance","filter","","https://sillage.asutelu.com/#fragrance-wheel","香調ホイールから香水を絞り込む"
"business-fragrance","filter","","https://sillage.asutelu.com/#find-fragrances","シーン・季節の条件から香水を絞り込む"
"business-fragrance","brand","chanel","https://sillage.asutelu.com/brand-chanel.html","Chanel"
"business-fragrance","brand","giorgio-armani","https://sillage.asutelu.com/brand-giorgio-armani.html","Giorgio Armani"
"business-fragrance","brand","hermes","https://sillage.asutelu.com/brand-hermes.html","Hermès"
"business-fragrance","brand","prada","https://sillage.asutelu.com/brand-prada.html","Prada"
"business-fragrance","product","chanel-1","https://sillage.asutelu.com/items/chanel-1","アリュール オム スポーツの香りを見る →"
"business-fragrance","product","giorgio-armani-2","https://sillage.asutelu.com/items/giorgio-armani-2","アルマーニ コードの香りを見る →"
"business-fragrance","product","hermes-3","https://sillage.asutelu.com/items/hermes-3","テール ド エルメスの香りを見る →"
"business-fragrance","product","prada-2","https://sillage.asutelu.com/items/prada-2","ルオムの香りを見る →"
"business-fragrance","article","office-perfume-amount","https://sillage.asutelu.com/columns/office-perfume-amount","職場で香水が迷惑にならない量とつけ方"
"business-fragrance","article","how-to-wear","https://sillage.asutelu.com/columns/how-to-wear","香水の正しいつけ方｜量・場所・タイミングの基本"
"business-fragrance","article","concentration-guide","https://sillage.asutelu.com/columns/concentration-guide","EDT・EDP・パルファムの違い｜濃度だけで選ばない香水入門"
"business-fragrance","article","first-fragrance","https://sillage.asutelu.com/columns/first-fragrance","香水初心者の一本目｜失敗しない5ステップ"
"business-fragrance","page","","https://sillage.asutelu.com/about.html#update-policy","編集方針・更新ポリシー"
"bvlgari-vs-versace","home","","https://sillage.asutelu.com/","Sillage"
"bvlgari-vs-versace","category","","https://sillage.asutelu.com/guides.html","香水コラム"
"bvlgari-vs-versace","category","","https://sillage.asutelu.com/guides.html#category-comparison","ブランド・商品比較の記事一覧"
"bvlgari-vs-versace","filter","","https://sillage.asutelu.com/#fragrance-wheel","香調ホイールから香水を絞り込む"
"bvlgari-vs-versace","filter","","https://sillage.asutelu.com/#find-fragrances","シーン・季節の条件から香水を絞り込む"
"bvlgari-vs-versace","brand","bvlgari","https://sillage.asutelu.com/brand-bvlgari.html","Bvlgari"
"bvlgari-vs-versace","brand","versace","https://sillage.asutelu.com/brand-versace.html","Versace"
"bvlgari-vs-versace","brand","giorgio-armani","https://sillage.asutelu.com/brand-giorgio-armani.html","Giorgio Armani"
"bvlgari-vs-versace","brand","acqua-di-parma","https://sillage.asutelu.com/brand-acqua-di-parma.html","Acqua di Parma"
"bvlgari-vs-versace","product","bvlgari-2","https://sillage.asutelu.com/items/bvlgari-2","ブルガリ プールオムの香りを見る →"
"bvlgari-vs-versace","product","versace-3","https://sillage.asutelu.com/items/versace-3","エロス フレイムの香りを見る →"
"bvlgari-vs-versace","product","bvlgari-1","https://sillage.asutelu.com/items/bvlgari-1","マン イン ブラックの香りを見る →"
"bvlgari-vs-versace","product","versace-1","https://sillage.asutelu.com/items/versace-1","エロス EDTの香りを見る →"
"bvlgari-vs-versace","article","chanel-vs-dior","https://sillage.asutelu.com/columns/chanel-vs-dior","シャネルとディオール、パリ二大メゾンの違い"
"bvlgari-vs-versace","article","lelabo-vs-jomalone","https://sillage.asutelu.com/columns/lelabo-vs-jomalone","ル ラボとジョー マローン、現代ニッチの2大スター"
"bvlgari-vs-versace","article","tomford-vs-creed","https://sillage.asutelu.com/columns/tomford-vs-creed","トム フォードとクリード、高級メンズの頂点を比較"
"bvlgari-vs-versace","article","aesop-vs-diptyque","https://sillage.asutelu.com/columns/aesop-vs-diptyque","アエソップとディプティック、ナチュラル系ニッチの本流"
"bvlgari-vs-versace","page","","https://sillage.asutelu.com/about.html#update-policy","編集方針・更新ポリシー"
"chanel-vs-dior","home","","https://sillage.asutelu.com/","Sillage"
"chanel-vs-dior","category","","https://sillage.asutelu.com/guides.html","香水コラム"
"chanel-vs-dior","category","","https://sillage.asutelu.com/guides.html#category-comparison","ブランド・商品比較の記事一覧"
"chanel-vs-dior","filter","","https://sillage.asutelu.com/#fragrance-wheel","香調ホイールから香水を絞り込む"
"chanel-vs-dior","filter","","https://sillage.asutelu.com/#find-fragrances","シーン・季節の条件から香水を絞り込む"
"chanel-vs-dior","brand","chanel","https://sillage.asutelu.com/brand-chanel.html","Chanel"
"chanel-vs-dior","brand","dior","https://sillage.asutelu.com/brand-dior.html","Dior"
"chanel-vs-dior","brand","hermes","https://sillage.asutelu.com/brand-hermes.html","Hermès"
"chanel-vs-dior","brand","ysl","https://sillage.asutelu.com/brand-ysl.html","YSL"
"chanel-vs-dior","product","chanel-4","https://sillage.asutelu.com/items/chanel-4","ブルー ドゥ シャネル EDPの香りを見る →"
"chanel-vs-dior","product","dior-6","https://sillage.asutelu.com/items/dior-6","ファーレンハイトの香りを見る →"
"chanel-vs-dior","product","chanel-1","https://sillage.asutelu.com/items/chanel-1","アリュール オム スポーツの香りを見る →"
"chanel-vs-dior","product","dior-1","https://sillage.asutelu.com/items/dior-1","オー ソバージュの香りを見る →"
"chanel-vs-dior","article","lelabo-vs-jomalone","https://sillage.asutelu.com/columns/lelabo-vs-jomalone","ル ラボとジョー マローン、現代ニッチの2大スター"
"chanel-vs-dior","article","tomford-vs-creed","https://sillage.asutelu.com/columns/tomford-vs-creed","トム フォードとクリード、高級メンズの頂点を比較"
"chanel-vs-dior","article","aesop-vs-diptyque","https://sillage.asutelu.com/columns/aesop-vs-diptyque","アエソップとディプティック、ナチュラル系ニッチの本流"
"chanel-vs-dior","article","margiela-vs-byredo","https://sillage.asutelu.com/columns/margiela-vs-byredo","マルジェラとバイレード、モダンニッチの新世代"
"chanel-vs-dior","page","","https://sillage.asutelu.com/about.html#update-policy","編集方針・更新ポリシー"
"concentration-guide","home","","https://sillage.asutelu.com/","Sillage"
"concentration-guide","category","","https://sillage.asutelu.com/guides.html","香水コラム"
"concentration-guide","category","","https://sillage.asutelu.com/guides.html#category-knowledge","香りの知識の記事一覧"
"concentration-guide","filter","","https://sillage.asutelu.com/#fragrance-wheel","香調ホイールから香水を絞り込む"
"concentration-guide","filter","","https://sillage.asutelu.com/#find-fragrances","シーン・季節の条件から香水を絞り込む"
"concentration-guide","brand","dior","https://sillage.asutelu.com/brand-dior.html","Dior"
"concentration-guide","brand","chanel","https://sillage.asutelu.com/brand-chanel.html","Chanel"
"concentration-guide","brand","ysl","https://sillage.asutelu.com/brand-ysl.html","YSL"
"concentration-guide","product","dior-6","https://sillage.asutelu.com/items/dior-6","ファーレンハイトの香りを見る →"
"concentration-guide","product","chanel-4","https://sillage.asutelu.com/items/chanel-4","ブルー ドゥ シャネル EDPの香りを見る →"
"concentration-guide","product","ysl-3","https://sillage.asutelu.com/items/ysl-3","ブラック オピウムの香りを見る →"
"concentration-guide","article","how-many-sprays","https://sillage.asutelu.com/columns/how-many-sprays","香水は何プッシュが正解？濃度・場所・場面別の目安"
"concentration-guide","article","first-fragrance","https://sillage.asutelu.com/columns/first-fragrance","香水初心者の一本目｜失敗しない5ステップ"
"concentration-guide","article","perfume-bottle-size","https://sillage.asutelu.com/columns/perfume-bottle-size","香水初心者は何mLを買う？10・30・50・100mLの選び方"
"concentration-guide","article","notes-pyramid","https://sillage.asutelu.com/columns/notes-pyramid","トップ・ミドル・ラストの読み方"
"concentration-guide","page","","https://sillage.asutelu.com/about.html#update-policy","編集方針・更新ポリシー"
"first-fragrance","home","","https://sillage.asutelu.com/","Sillage"
"first-fragrance","category","","https://sillage.asutelu.com/guides.html","香水コラム"
"first-fragrance","category","","https://sillage.asutelu.com/guides.html#category-beginner","香水初心者の記事一覧"
"first-fragrance","filter","","https://sillage.asutelu.com/#fragrance-wheel","香調ホイールから香水を絞り込む"
"first-fragrance","filter","","https://sillage.asutelu.com/#find-fragrances","シーン・季節の条件から香水を絞り込む"
"first-fragrance","brand","chanel","https://sillage.asutelu.com/brand-chanel.html","Chanel"
"first-fragrance","brand","bvlgari","https://sillage.asutelu.com/brand-bvlgari.html","Bvlgari"
"first-fragrance","brand","jo-malone","https://sillage.asutelu.com/brand-jo-malone.html","Jo Malone"
"first-fragrance","brand","hermes","https://sillage.asutelu.com/brand-hermes.html","Hermès"
"first-fragrance","product","chanel-1","https://sillage.asutelu.com/items/chanel-1","アリュール オム スポーツの香りを見る →"
"first-fragrance","product","bvlgari-2","https://sillage.asutelu.com/items/bvlgari-2","ブルガリ プールオムの香りを見る →"
"first-fragrance","product","jo-malone-1","https://sillage.asutelu.com/items/jo-malone-1","ライムバジル &amp;amp; マンダリンの香りを見る →"
"first-fragrance","product","hermes-3","https://sillage.asutelu.com/items/hermes-3","テール ド エルメスの香りを見る →"
"first-fragrance","article","perfume-bottle-size","https://sillage.asutelu.com/columns/perfume-bottle-size","香水初心者は何mLを買う？10・30・50・100mLの選び方"
"first-fragrance","article","how-to-test-perfume","https://sillage.asutelu.com/columns/how-to-test-perfume","香水を店頭で試す方法｜ムエットと肌の正しい使い分け"
"first-fragrance","article","perfume-gift-guide","https://sillage.asutelu.com/columns/perfume-gift-guide","香水をプレゼントする時の選び方｜失敗しにくい7つの確認"
"first-fragrance","article","concentration-guide","https://sillage.asutelu.com/columns/concentration-guide","EDT・EDP・パルファムの違い｜濃度だけで選ばない香水入門"
"first-fragrance","page","","https://sillage.asutelu.com/about.html#update-policy","編集方針・更新ポリシー"
"hermes-vs-acquadiparma","home","","https://sillage.asutelu.com/","Sillage"
"hermes-vs-acquadiparma","category","","https://sillage.asutelu.com/guides.html","香水コラム"
"hermes-vs-acquadiparma","category","","https://sillage.asutelu.com/guides.html#category-comparison","ブランド・商品比較の記事一覧"
"hermes-vs-acquadiparma","filter","","https://sillage.asutelu.com/#fragrance-wheel","香調ホイールから香水を絞り込む"
"hermes-vs-acquadiparma","filter","","https://sillage.asutelu.com/#find-fragrances","シーン・季節の条件から香水を絞り込む"
"hermes-vs-acquadiparma","brand","hermes","https://sillage.asutelu.com/brand-hermes.html","Hermès"
"hermes-vs-acquadiparma","brand","acqua-di-parma","https://sillage.asutelu.com/brand-acqua-di-parma.html","Acqua di Parma"
"hermes-vs-acquadiparma","brand","guerlain","https://sillage.asutelu.com/brand-guerlain.html","Guerlain"
"hermes-vs-acquadiparma","brand","chanel","https://sillage.asutelu.com/brand-chanel.html","Chanel"
"hermes-vs-acquadiparma","product","hermes-3","https://sillage.asutelu.com/items/hermes-3","テール ド エルメスの香りを見る →"
"hermes-vs-acquadiparma","product","acqua-di-parma-1","https://sillage.asutelu.com/items/acqua-di-parma-1","コロニアの香りを見る →"
"hermes-vs-acquadiparma","product","hermes-1","https://sillage.asutelu.com/items/hermes-1","オー ド パンプルムース ローズの香りを見る →"
"hermes-vs-acquadiparma","product","acqua-di-parma-2","https://sillage.asutelu.com/items/acqua-di-parma-2","ブルー メディテラネオ アランチャの香りを見る →"
"hermes-vs-acquadiparma","article","chanel-vs-dior","https://sillage.asutelu.com/columns/chanel-vs-dior","シャネルとディオール、パリ二大メゾンの違い"
"hermes-vs-acquadiparma","article","lelabo-vs-jomalone","https://sillage.asutelu.com/columns/lelabo-vs-jomalone","ル ラボとジョー マローン、現代ニッチの2大スター"
"hermes-vs-acquadiparma","article","tomford-vs-creed","https://sillage.asutelu.com/columns/tomford-vs-creed","トム フォードとクリード、高級メンズの頂点を比較"
"hermes-vs-acquadiparma","article","aesop-vs-diptyque","https://sillage.asutelu.com/columns/aesop-vs-diptyque","アエソップとディプティック、ナチュラル系ニッチの本流"
"hermes-vs-acquadiparma","page","","https://sillage.asutelu.com/about.html#update-policy","編集方針・更新ポリシー"
"how-many-sprays","home","","https://sillage.asutelu.com/","Sillage"
"how-many-sprays","category","","https://sillage.asutelu.com/guides.html","香水コラム"
"how-many-sprays","category","","https://sillage.asutelu.com/guides.html#category-how-to","つけ方・使い方の記事一覧"
"how-many-sprays","filter","","https://sillage.asutelu.com/#fragrance-wheel","香調ホイールから香水を絞り込む"
"how-many-sprays","filter","","https://sillage.asutelu.com/#find-fragrances","シーン・季節の条件から香水を絞り込む"
"how-many-sprays","brand","bvlgari","https://sillage.asutelu.com/brand-bvlgari.html","Bvlgari"
"how-many-sprays","brand","hermes","https://sillage.asutelu.com/brand-hermes.html","Hermès"
"how-many-sprays","brand","jo-malone","https://sillage.asutelu.com/brand-jo-malone.html","Jo Malone"
"how-many-sprays","product","bvlgari-2","https://sillage.asutelu.com/items/bvlgari-2","ブルガリ プールオムの香りを見る →"
"how-many-sprays","product","hermes-3","https://sillage.asutelu.com/items/hermes-3","テール ド エルメスの香りを見る →"
"how-many-sprays","product","jo-malone-1","https://sillage.asutelu.com/items/jo-malone-1","ライムバジル &amp;amp; マンダリンの香りを見る →"
"how-many-sprays","article","how-to-wear","https://sillage.asutelu.com/columns/how-to-wear","香水の正しいつけ方｜量・場所・タイミングの基本"
"how-many-sprays","article","where-to-apply-perfume","https://sillage.asutelu.com/columns/where-to-apply-perfume","香水はどこにつける？手首・首・腰・服の違い"
"how-many-sprays","article","why-cant-smell-own-perfume","https://sillage.asutelu.com/columns/why-cant-smell-own-perfume","香水の匂いが自分で分からない理由｜つけ足す前に知る嗅覚順応"
"how-many-sprays","article","too-much-perfume","https://sillage.asutelu.com/columns/too-much-perfume","香水をつけすぎた時の落とし方｜外出前・外出先の対処法"
"how-many-sprays","page","","https://sillage.asutelu.com/about.html#update-policy","編集方針・更新ポリシー"
"how-to-test-perfume","home","","https://sillage.asutelu.com/","Sillage"
"how-to-test-perfume","category","","https://sillage.asutelu.com/guides.html","香水コラム"
"how-to-test-perfume","category","","https://sillage.asutelu.com/guides.html#category-buying","購入・試香の記事一覧"
"how-to-test-perfume","filter","","https://sillage.asutelu.com/#fragrance-wheel","香調ホイールから香水を絞り込む"
"how-to-test-perfume","filter","","https://sillage.asutelu.com/#find-fragrances","シーン・季節の条件から香水を絞り込む"
"how-to-test-perfume","brand","dior","https://sillage.asutelu.com/brand-dior.html","Dior"
"how-to-test-perfume","brand","chanel","https://sillage.asutelu.com/brand-chanel.html","Chanel"
"how-to-test-perfume","brand","aesop","https://sillage.asutelu.com/brand-aesop.html","Aesop"
"how-to-test-perfume","product","dior-2","https://sillage.asutelu.com/items/dior-2","ソヴァージュ EDTの香りを見る →"
"how-to-test-perfume","product","chanel-4","https://sillage.asutelu.com/items/chanel-4","ブルー ドゥ シャネル EDPの香りを見る →"
"how-to-test-perfume","product","aesop-1","https://sillage.asutelu.com/items/aesop-1","タシットの香りを見る →"
"how-to-test-perfume","article","blotter-vs-skin","https://sillage.asutelu.com/columns/blotter-vs-skin","香水を試すなら紙と肌のどちら？"
"how-to-test-perfume","article","perfume-store-comparison","https://sillage.asutelu.com/columns/perfume-store-comparison","店頭で香水を比較する順番"
"how-to-test-perfume","article","first-fragrance","https://sillage.asutelu.com/columns/first-fragrance","香水初心者の一本目｜失敗しない5ステップ"
"how-to-test-perfume","article","perfume-bottle-size","https://sillage.asutelu.com/columns/perfume-bottle-size","香水初心者は何mLを買う？10・30・50・100mLの選び方"
"how-to-test-perfume","page","","https://sillage.asutelu.com/about.html#update-policy","編集方針・更新ポリシー"
"how-to-wear","home","","https://sillage.asutelu.com/","Sillage"
"how-to-wear","category","","https://sillage.asutelu.com/guides.html","香水コラム"
"how-to-wear","category","","https://sillage.asutelu.com/guides.html#category-how-to","つけ方・使い方の記事一覧"
"how-to-wear","filter","","https://sillage.asutelu.com/#fragrance-wheel","香調ホイールから香水を絞り込む"
"how-to-wear","filter","","https://sillage.asutelu.com/#find-fragrances","シーン・季節の条件から香水を絞り込む"
"how-to-wear","brand","jo-malone","https://sillage.asutelu.com/brand-jo-malone.html","Jo Malone"
"how-to-wear","brand","chanel","https://sillage.asutelu.com/brand-chanel.html","Chanel"
"how-to-wear","brand","hermes","https://sillage.asutelu.com/brand-hermes.html","Hermès"
"how-to-wear","product","jo-malone-1","https://sillage.asutelu.com/items/jo-malone-1","ライムバジル &amp;amp; マンダリンの香りを見る →"
"how-to-wear","product","chanel-1","https://sillage.asutelu.com/items/chanel-1","アリュール オム スポーツの香りを見る →"
"how-to-wear","product","hermes-1","https://sillage.asutelu.com/items/hermes-1","オー ド パンプルムース ローズの香りを見る →"
"how-to-wear","article","where-to-apply-perfume","https://sillage.asutelu.com/columns/where-to-apply-perfume","香水はどこにつける？手首・首・腰・服の違い"
"how-to-wear","article","how-many-sprays","https://sillage.asutelu.com/columns/how-many-sprays","香水は何プッシュが正解？濃度・場所・場面別の目安"
"how-to-wear","article","too-much-perfume","https://sillage.asutelu.com/columns/too-much-perfume","香水をつけすぎた時の落とし方｜外出前・外出先の対処法"
"how-to-wear","article","perfume-on-clothes","https://sillage.asutelu.com/columns/perfume-on-clothes","香水を服につけてもいい？シミ・変色・香り方の注意点"
"how-to-wear","page","","https://sillage.asutelu.com/about.html#update-policy","編集方針・更新ポリシー"
"lelabo-vs-jomalone","home","","https://sillage.asutelu.com/","Sillage"
"lelabo-vs-jomalone","category","","https://sillage.asutelu.com/guides.html","香水コラム"
"lelabo-vs-jomalone","category","","https://sillage.asutelu.com/guides.html#category-comparison","ブランド・商品比較の記事一覧"
"lelabo-vs-jomalone","filter","","https://sillage.asutelu.com/#fragrance-wheel","香調ホイールから香水を絞り込む"
"lelabo-vs-jomalone","filter","","https://sillage.asutelu.com/#find-fragrances","シーン・季節の条件から香水を絞り込む"
"lelabo-vs-jomalone","brand","le-labo","https://sillage.asutelu.com/brand-le-labo.html","Le Labo"
"lelabo-vs-jomalone","brand","jo-malone","https://sillage.asutelu.com/brand-jo-malone.html","Jo Malone"
"lelabo-vs-jomalone","brand","byredo","https://sillage.asutelu.com/brand-byredo.html","Byredo"
"lelabo-vs-jomalone","brand","diptyque","https://sillage.asutelu.com/brand-diptyque.html","Diptyque"
"lelabo-vs-jomalone","product","le-labo-1","https://sillage.asutelu.com/items/le-labo-1","サンタル 33の香りを見る →"
"lelabo-vs-jomalone","product","jo-malone-1","https://sillage.asutelu.com/items/jo-malone-1","ライムバジル &amp;amp; マンダリンの香りを見る →"
"lelabo-vs-jomalone","product","le-labo-2","https://sillage.asutelu.com/items/le-labo-2","アナザー 13の香りを見る →"
"lelabo-vs-jomalone","product","jo-malone-4","https://sillage.asutelu.com/items/jo-malone-4","ウッドセージ &amp;amp; シーソルトの香りを見る →"
"lelabo-vs-jomalone","article","chanel-vs-dior","https://sillage.asutelu.com/columns/chanel-vs-dior","シャネルとディオール、パリ二大メゾンの違い"
"lelabo-vs-jomalone","article","tomford-vs-creed","https://sillage.asutelu.com/columns/tomford-vs-creed","トム フォードとクリード、高級メンズの頂点を比較"
"lelabo-vs-jomalone","article","aesop-vs-diptyque","https://sillage.asutelu.com/columns/aesop-vs-diptyque","アエソップとディプティック、ナチュラル系ニッチの本流"
"lelabo-vs-jomalone","article","margiela-vs-byredo","https://sillage.asutelu.com/columns/margiela-vs-byredo","マルジェラとバイレード、モダンニッチの新世代"
"lelabo-vs-jomalone","page","","https://sillage.asutelu.com/about.html#update-policy","編集方針・更新ポリシー"
"make-perfume-last-longer","home","","https://sillage.asutelu.com/","Sillage"
"make-perfume-last-longer","category","","https://sillage.asutelu.com/guides.html","香水コラム"
"make-perfume-last-longer","category","","https://sillage.asutelu.com/guides.html#category-how-to","つけ方・使い方の記事一覧"
"make-perfume-last-longer","filter","","https://sillage.asutelu.com/#fragrance-wheel","香調ホイールから香水を絞り込む"
"make-perfume-last-longer","filter","","https://sillage.asutelu.com/#find-fragrances","シーン・季節の条件から香水を絞り込む"
"make-perfume-last-longer","brand","chanel","https://sillage.asutelu.com/brand-chanel.html","Chanel"
"make-perfume-last-longer","brand","hermes","https://sillage.asutelu.com/brand-hermes.html","Hermès"
"make-perfume-last-longer","brand","narciso-rodriguez","https://sillage.asutelu.com/brand-narciso-rodriguez.html","Narciso Rodriguez"
"make-perfume-last-longer","product","chanel-4","https://sillage.asutelu.com/items/chanel-4","ブルー ドゥ シャネル EDPの香りを見る →"
"make-perfume-last-longer","product","hermes-3","https://sillage.asutelu.com/items/hermes-3","テール ド エルメスの香りを見る →"
"make-perfume-last-longer","product","narciso-rodriguez-1","https://sillage.asutelu.com/items/narciso-rodriguez-1","フォー ハーの香りを見る →"
"make-perfume-last-longer","article","why-cant-smell-own-perfume","https://sillage.asutelu.com/columns/why-cant-smell-own-perfume","香水の匂いが自分で分からない理由｜つけ足す前に知る嗅覚順応"
"make-perfume-last-longer","article","how-many-sprays","https://sillage.asutelu.com/columns/how-many-sprays","香水は何プッシュが正解？濃度・場所・場面別の目安"
"make-perfume-last-longer","article","perfume-storage","https://sillage.asutelu.com/columns/perfume-storage","香水の正しい保存方法｜冷蔵庫・洗面所・窓際は大丈夫？"
"make-perfume-last-longer","article","perfume-on-clothes","https://sillage.asutelu.com/columns/perfume-on-clothes","香水を服につけてもいい？シミ・変色・香り方の注意点"
"make-perfume-last-longer","page","","https://sillage.asutelu.com/about.html#update-policy","編集方針・更新ポリシー"
"margiela-vs-byredo","home","","https://sillage.asutelu.com/","Sillage"
"margiela-vs-byredo","category","","https://sillage.asutelu.com/guides.html","香水コラム"
"margiela-vs-byredo","category","","https://sillage.asutelu.com/guides.html#category-comparison","ブランド・商品比較の記事一覧"
"margiela-vs-byredo","filter","","https://sillage.asutelu.com/#fragrance-wheel","香調ホイールから香水を絞り込む"
"margiela-vs-byredo","filter","","https://sillage.asutelu.com/#find-fragrances","シーン・季節の条件から香水を絞り込む"
"margiela-vs-byredo","brand","maison-margiela","https://sillage.asutelu.com/brand-maison-margiela.html","Maison Margiela"
"margiela-vs-byredo","brand","byredo","https://sillage.asutelu.com/brand-byredo.html","Byredo"
"margiela-vs-byredo","brand","le-labo","https://sillage.asutelu.com/brand-le-labo.html","Le Labo"
"margiela-vs-byredo","brand","diptyque","https://sillage.asutelu.com/brand-diptyque.html","Diptyque"
"margiela-vs-byredo","product","maison-margiela-1","https://sillage.asutelu.com/items/maison-margiela-1","レプリカ ジャズクラブの香りを見る →"
"margiela-vs-byredo","product","byredo-1","https://sillage.asutelu.com/items/byredo-1","ジプシー ウォーターの香りを見る →"
"margiela-vs-byredo","product","maison-margiela-2","https://sillage.asutelu.com/items/maison-margiela-2","レイジー サンデー モーニングの香りを見る →"
"margiela-vs-byredo","product","le-labo-2","https://sillage.asutelu.com/items/le-labo-2","アナザー 13の香りを見る →"
"margiela-vs-byredo","article","chanel-vs-dior","https://sillage.asutelu.com/columns/chanel-vs-dior","シャネルとディオール、パリ二大メゾンの違い"
"margiela-vs-byredo","article","lelabo-vs-jomalone","https://sillage.asutelu.com/columns/lelabo-vs-jomalone","ル ラボとジョー マローン、現代ニッチの2大スター"
"margiela-vs-byredo","article","tomford-vs-creed","https://sillage.asutelu.com/columns/tomford-vs-creed","トム フォードとクリード、高級メンズの頂点を比較"
"margiela-vs-byredo","article","aesop-vs-diptyque","https://sillage.asutelu.com/columns/aesop-vs-diptyque","アエソップとディプティック、ナチュラル系ニッチの本流"
"margiela-vs-byredo","page","","https://sillage.asutelu.com/about.html#update-policy","編集方針・更新ポリシー"
"notes-pyramid","home","","https://sillage.asutelu.com/","Sillage"
"notes-pyramid","category","","https://sillage.asutelu.com/guides.html","香水コラム"
"notes-pyramid","category","","https://sillage.asutelu.com/guides.html#category-knowledge","香りの知識の記事一覧"
"notes-pyramid","filter","","https://sillage.asutelu.com/#fragrance-wheel","香調ホイールから香水を絞り込む"
"notes-pyramid","filter","","https://sillage.asutelu.com/#find-fragrances","シーン・季節の条件から香水を絞り込む"
"notes-pyramid","brand","guerlain","https://sillage.asutelu.com/brand-guerlain.html","Guerlain"
"notes-pyramid","brand","dior","https://sillage.asutelu.com/brand-dior.html","Dior"
"notes-pyramid","brand","jo-malone","https://sillage.asutelu.com/brand-jo-malone.html","Jo Malone"
"notes-pyramid","product","guerlain-1","https://sillage.asutelu.com/items/guerlain-1","オー インペリアルの香りを見る →"
"notes-pyramid","product","dior-1","https://sillage.asutelu.com/items/dior-1","オー ソバージュの香りを見る →"
"notes-pyramid","product","jo-malone-1","https://sillage.asutelu.com/items/jo-malone-1","ライムバジル &amp;amp; マンダリンの香りを見る →"
"notes-pyramid","article","concentration-guide","https://sillage.asutelu.com/columns/concentration-guide","EDT・EDP・パルファムの違い｜濃度だけで選ばない香水入門"
"notes-pyramid","article","business-fragrance","https://sillage.asutelu.com/columns/business-fragrance","職場の香水は何プッシュ？迷惑にならない選び方とつけ方"
"notes-pyramid","article","how-to-wear","https://sillage.asutelu.com/columns/how-to-wear","香水の正しいつけ方｜量・場所・タイミングの基本"
"notes-pyramid","article","chanel-vs-dior","https://sillage.asutelu.com/columns/chanel-vs-dior","シャネルとディオール、パリ二大メゾンの違い"
"notes-pyramid","page","","https://sillage.asutelu.com/about.html#update-policy","編集方針・更新ポリシー"
"office-perfume-amount","home","","https://sillage.asutelu.com/","Sillage"
"office-perfume-amount","category","","https://sillage.asutelu.com/guides.html","香水コラム"
"office-perfume-amount","category","","https://sillage.asutelu.com/guides.html#category-scene","シーン・季節の記事一覧"
"office-perfume-amount","filter","","https://sillage.asutelu.com/#fragrance-wheel","香調ホイールから香水を絞り込む"
"office-perfume-amount","filter","","https://sillage.asutelu.com/#find-fragrances","シーン・季節の条件から香水を絞り込む"
"office-perfume-amount","brand","bvlgari","https://sillage.asutelu.com/brand-bvlgari.html","Bvlgari"
"office-perfume-amount","brand","prada","https://sillage.asutelu.com/brand-prada.html","Prada"
"office-perfume-amount","brand","aesop","https://sillage.asutelu.com/brand-aesop.html","Aesop"
"office-perfume-amount","product","bvlgari-2","https://sillage.asutelu.com/items/bvlgari-2","ブルガリ プールオムの香りを見る →"
"office-perfume-amount","product","prada-2","https://sillage.asutelu.com/items/prada-2","ルオムの香りを見る →"
"office-perfume-amount","product","aesop-1","https://sillage.asutelu.com/items/aesop-1","タシットの香りを見る →"
"office-perfume-amount","article","business-fragrance","https://sillage.asutelu.com/columns/business-fragrance","職場の香水は何プッシュ？迷惑にならない選び方とつけ方"
"office-perfume-amount","article","season-scene-map","https://sillage.asutelu.com/columns/season-scene-map","季節×シーンで選ぶメンズ香水マップ"
"office-perfume-amount","article","summer-perfume-strong","https://sillage.asutelu.com/columns/summer-perfume-strong","夏に香水が強く感じる理由と選び方"
"office-perfume-amount","article","how-to-wear","https://sillage.asutelu.com/columns/how-to-wear","香水の正しいつけ方｜量・場所・タイミングの基本"
"office-perfume-amount","page","","https://sillage.asutelu.com/about.html#update-policy","編集方針・更新ポリシー"
"perfume-bottle-size","home","","https://sillage.asutelu.com/","Sillage"
"perfume-bottle-size","category","","https://sillage.asutelu.com/guides.html","香水コラム"
"perfume-bottle-size","category","","https://sillage.asutelu.com/guides.html#category-beginner","香水初心者の記事一覧"
"perfume-bottle-size","filter","","https://sillage.asutelu.com/#fragrance-wheel","香調ホイールから香水を絞り込む"
"perfume-bottle-size","filter","","https://sillage.asutelu.com/#find-fragrances","シーン・季節の条件から香水を絞り込む"
"perfume-bottle-size","brand","jo-malone","https://sillage.asutelu.com/brand-jo-malone.html","Jo Malone"
"perfume-bottle-size","brand","maison-margiela","https://sillage.asutelu.com/brand-maison-margiela.html","Maison Margiela"
"perfume-bottle-size","brand","shiro","https://sillage.asutelu.com/brand-shiro.html","SHIRO"
"perfume-bottle-size","product","jo-malone-1","https://sillage.asutelu.com/items/jo-malone-1","ライムバジル &amp;amp; マンダリンの香りを見る →"
"perfume-bottle-size","product","maison-margiela-1","https://sillage.asutelu.com/items/maison-margiela-1","レプリカ ジャズクラブの香りを見る →"
"perfume-bottle-size","product","shiro-1","https://sillage.asutelu.com/items/shiro-1","サボン オードパルファンの香りを見る →"
"perfume-bottle-size","article","first-fragrance","https://sillage.asutelu.com/columns/first-fragrance","香水初心者の一本目｜失敗しない5ステップ"
"perfume-bottle-size","article","how-to-test-perfume","https://sillage.asutelu.com/columns/how-to-test-perfume","香水を店頭で試す方法｜ムエットと肌の正しい使い分け"
"perfume-bottle-size","article","perfume-storage","https://sillage.asutelu.com/columns/perfume-storage","香水の正しい保存方法｜冷蔵庫・洗面所・窓際は大丈夫？"
"perfume-bottle-size","article","perfume-gift-guide","https://sillage.asutelu.com/columns/perfume-gift-guide","香水をプレゼントする時の選び方｜失敗しにくい7つの確認"
"perfume-bottle-size","page","","https://sillage.asutelu.com/about.html#update-policy","編集方針・更新ポリシー"
"perfume-decanting","home","","https://sillage.asutelu.com/","Sillage"
"perfume-decanting","category","","https://sillage.asutelu.com/guides.html","香水コラム"
"perfume-decanting","category","","https://sillage.asutelu.com/guides.html#category-care","保存・持ち運びの記事一覧"
"perfume-decanting","filter","","https://sillage.asutelu.com/#fragrance-wheel","香調ホイールから香水を絞り込む"
"perfume-decanting","filter","","https://sillage.asutelu.com/#find-fragrances","シーン・季節の条件から香水を絞り込む"
"perfume-decanting","brand","maison-margiela","https://sillage.asutelu.com/brand-maison-margiela.html","Maison Margiela"
"perfume-decanting","brand","jo-malone","https://sillage.asutelu.com/brand-jo-malone.html","Jo Malone"
"perfume-decanting","brand","le-labo","https://sillage.asutelu.com/brand-le-labo.html","Le Labo"
"perfume-decanting","product","maison-margiela-1","https://sillage.asutelu.com/items/maison-margiela-1","レプリカ ジャズクラブの香りを見る →"
"perfume-decanting","product","jo-malone-1","https://sillage.asutelu.com/items/jo-malone-1","ライムバジル &amp;amp; マンダリンの香りを見る →"
"perfume-decanting","product","le-labo-1","https://sillage.asutelu.com/items/le-labo-1","サンタル 33の香りを見る →"
"perfume-decanting","article","perfume-storage","https://sillage.asutelu.com/columns/perfume-storage","香水の正しい保存方法｜冷蔵庫・洗面所・窓際は大丈夫？"
"perfume-decanting","article","perfume-expiration","https://sillage.asutelu.com/columns/perfume-expiration","香水の使用期限は何年？開封後の目安と劣化の見分け方"
"perfume-decanting","article","perfume-bottle-size","https://sillage.asutelu.com/columns/perfume-bottle-size","香水初心者は何mLを買う？10・30・50・100mLの選び方"
"perfume-decanting","article","perfume-on-clothes","https://sillage.asutelu.com/columns/perfume-on-clothes","香水を服につけてもいい？シミ・変色・香り方の注意点"
"perfume-decanting","page","","https://sillage.asutelu.com/about.html#update-policy","編集方針・更新ポリシー"
"perfume-discoloration","home","","https://sillage.asutelu.com/","Sillage"
"perfume-discoloration","category","","https://sillage.asutelu.com/guides.html","香水コラム"
"perfume-discoloration","category","","https://sillage.asutelu.com/guides.html#category-care","保存・持ち運びの記事一覧"
"perfume-discoloration","filter","","https://sillage.asutelu.com/#fragrance-wheel","香調ホイールから香水を絞り込む"
"perfume-discoloration","filter","","https://sillage.asutelu.com/#find-fragrances","シーン・季節の条件から香水を絞り込む"
"perfume-discoloration","brand","guerlain","https://sillage.asutelu.com/brand-guerlain.html","Guerlain"
"perfume-discoloration","brand","chanel","https://sillage.asutelu.com/brand-chanel.html","Chanel"
"perfume-discoloration","brand","dior","https://sillage.asutelu.com/brand-dior.html","Dior"
"perfume-discoloration","product","guerlain-1","https://sillage.asutelu.com/items/guerlain-1","オー インペリアルの香りを見る →"
"perfume-discoloration","product","chanel-5","https://sillage.asutelu.com/items/chanel-5","プール ムッシュの香りを見る →"
"perfume-discoloration","product","dior-1","https://sillage.asutelu.com/items/dior-1","オー ソバージュの香りを見る →"
"perfume-discoloration","article","perfume-storage","https://sillage.asutelu.com/columns/perfume-storage","香水の正しい保存方法｜冷蔵庫・洗面所・窓際は大丈夫？"
"perfume-discoloration","article","perfume-decanting","https://sillage.asutelu.com/columns/perfume-decanting","アトマイザーへの香水の移し方｜漏れ・劣化を防ぐ注意点"
"perfume-discoloration","article","perfume-expiration","https://sillage.asutelu.com/columns/perfume-expiration","香水の使用期限は何年？開封後の目安と劣化の見分け方"
"perfume-discoloration","article","business-fragrance","https://sillage.asutelu.com/columns/business-fragrance","職場の香水は何プッシュ？迷惑にならない選び方とつけ方"
"perfume-discoloration","page","","https://sillage.asutelu.com/about.html#update-policy","編集方針・更新ポリシー"
"perfume-expiration","home","","https://sillage.asutelu.com/","Sillage"
"perfume-expiration","category","","https://sillage.asutelu.com/guides.html","香水コラム"
"perfume-expiration","category","","https://sillage.asutelu.com/guides.html#category-care","保存・持ち運びの記事一覧"
"perfume-expiration","filter","","https://sillage.asutelu.com/#fragrance-wheel","香調ホイールから香水を絞り込む"
"perfume-expiration","filter","","https://sillage.asutelu.com/#find-fragrances","シーン・季節の条件から香水を絞り込む"
"perfume-expiration","brand","guerlain","https://sillage.asutelu.com/brand-guerlain.html","Guerlain"
"perfume-expiration","brand","chanel","https://sillage.asutelu.com/brand-chanel.html","Chanel"
"perfume-expiration","brand","dior","https://sillage.asutelu.com/brand-dior.html","Dior"
"perfume-expiration","product","guerlain-1","https://sillage.asutelu.com/items/guerlain-1","オー インペリアルの香りを見る →"
"perfume-expiration","product","chanel-5","https://sillage.asutelu.com/items/chanel-5","プール ムッシュの香りを見る →"
"perfume-expiration","product","dior-1","https://sillage.asutelu.com/items/dior-1","オー ソバージュの香りを見る →"
"perfume-expiration","article","perfume-storage","https://sillage.asutelu.com/columns/perfume-storage","香水の正しい保存方法｜冷蔵庫・洗面所・窓際は大丈夫？"
"perfume-expiration","article","perfume-discoloration","https://sillage.asutelu.com/columns/perfume-discoloration","香水が変色したら使える？確認したいサイン"
"perfume-expiration","article","perfume-decanting","https://sillage.asutelu.com/columns/perfume-decanting","アトマイザーへの香水の移し方｜漏れ・劣化を防ぐ注意点"
"perfume-expiration","article","perfume-on-clothes","https://sillage.asutelu.com/columns/perfume-on-clothes","香水を服につけてもいい？シミ・変色・香り方の注意点"
"perfume-expiration","page","","https://sillage.asutelu.com/about.html#update-policy","編集方針・更新ポリシー"
"perfume-gift-guide","home","","https://sillage.asutelu.com/","Sillage"
"perfume-gift-guide","category","","https://sillage.asutelu.com/guides.html","香水コラム"
"perfume-gift-guide","category","","https://sillage.asutelu.com/guides.html#category-buying","購入・試香の記事一覧"
"perfume-gift-guide","filter","","https://sillage.asutelu.com/#fragrance-wheel","香調ホイールから香水を絞り込む"
"perfume-gift-guide","filter","","https://sillage.asutelu.com/#find-fragrances","シーン・季節の条件から香水を絞り込む"
"perfume-gift-guide","brand","jo-malone","https://sillage.asutelu.com/brand-jo-malone.html","Jo Malone"
"perfume-gift-guide","brand","maison-margiela","https://sillage.asutelu.com/brand-maison-margiela.html","Maison Margiela"
"perfume-gift-guide","brand","dior","https://sillage.asutelu.com/brand-dior.html","Dior"
"perfume-gift-guide","product","jo-malone-2","https://sillage.asutelu.com/items/jo-malone-2","イングリッシュ ペアー &amp;amp; フリージアの香りを見る →"
"perfume-gift-guide","product","maison-margiela-2","https://sillage.asutelu.com/items/maison-margiela-2","レイジー サンデー モーニングの香りを見る →"
"perfume-gift-guide","product","dior-4","https://sillage.asutelu.com/items/dior-4","ジャドールの香りを見る →"
"perfume-gift-guide","article","perfume-gift-mistakes","https://sillage.asutelu.com/columns/perfume-gift-mistakes","プレゼントで香水を選ぶ際の失敗と避け方"
"perfume-gift-guide","article","perfume-bottle-size","https://sillage.asutelu.com/columns/perfume-bottle-size","香水初心者は何mLを買う？10・30・50・100mLの選び方"
"perfume-gift-guide","article","how-to-test-perfume","https://sillage.asutelu.com/columns/how-to-test-perfume","香水を店頭で試す方法｜ムエットと肌の正しい使い分け"
"perfume-gift-guide","article","first-fragrance","https://sillage.asutelu.com/columns/first-fragrance","香水初心者の一本目｜失敗しない5ステップ"
"perfume-gift-guide","page","","https://sillage.asutelu.com/about.html#update-policy","編集方針・更新ポリシー"
"perfume-gift-mistakes","home","","https://sillage.asutelu.com/","Sillage"
"perfume-gift-mistakes","category","","https://sillage.asutelu.com/guides.html","香水コラム"
"perfume-gift-mistakes","category","","https://sillage.asutelu.com/guides.html#category-buying","購入・試香の記事一覧"
"perfume-gift-mistakes","filter","","https://sillage.asutelu.com/#fragrance-wheel","香調ホイールから香水を絞り込む"
"perfume-gift-mistakes","filter","","https://sillage.asutelu.com/#find-fragrances","シーン・季節の条件から香水を絞り込む"
"perfume-gift-mistakes","brand","jo-malone","https://sillage.asutelu.com/brand-jo-malone.html","Jo Malone"
"perfume-gift-mistakes","brand","dior","https://sillage.asutelu.com/brand-dior.html","Dior"
"perfume-gift-mistakes","brand","maison-margiela","https://sillage.asutelu.com/brand-maison-margiela.html","Maison Margiela"
"perfume-gift-mistakes","product","jo-malone-2","https://sillage.asutelu.com/items/jo-malone-2","イングリッシュ ペアー &amp;amp; フリージアの香りを見る →"
"perfume-gift-mistakes","product","dior-4","https://sillage.asutelu.com/items/dior-4","ジャドールの香りを見る →"
"perfume-gift-mistakes","product","maison-margiela-2","https://sillage.asutelu.com/items/maison-margiela-2","レイジー サンデー モーニングの香りを見る →"
"perfume-gift-mistakes","article","blotter-vs-skin","https://sillage.asutelu.com/columns/blotter-vs-skin","香水を試すなら紙と肌のどちら？"
"perfume-gift-mistakes","article","perfume-store-comparison","https://sillage.asutelu.com/columns/perfume-store-comparison","店頭で香水を比較する順番"
"perfume-gift-mistakes","article","how-to-test-perfume","https://sillage.asutelu.com/columns/how-to-test-perfume","香水を店頭で試す方法｜ムエットと肌の正しい使い分け"
"perfume-gift-mistakes","article","perfume-gift-guide","https://sillage.asutelu.com/columns/perfume-gift-guide","香水をプレゼントする時の選び方｜失敗しにくい7つの確認"
"perfume-gift-mistakes","page","","https://sillage.asutelu.com/about.html#update-policy","編集方針・更新ポリシー"
"perfume-on-clothes","home","","https://sillage.asutelu.com/","Sillage"
"perfume-on-clothes","category","","https://sillage.asutelu.com/guides.html","香水コラム"
"perfume-on-clothes","category","","https://sillage.asutelu.com/guides.html#category-how-to","つけ方・使い方の記事一覧"
"perfume-on-clothes","filter","","https://sillage.asutelu.com/#fragrance-wheel","香調ホイールから香水を絞り込む"
"perfume-on-clothes","filter","","https://sillage.asutelu.com/#find-fragrances","シーン・季節の条件から香水を絞り込む"
"perfume-on-clothes","brand","jo-malone","https://sillage.asutelu.com/brand-jo-malone.html","Jo Malone"
"perfume-on-clothes","brand","maison-margiela","https://sillage.asutelu.com/brand-maison-margiela.html","Maison Margiela"
"perfume-on-clothes","brand","chanel","https://sillage.asutelu.com/brand-chanel.html","Chanel"
"perfume-on-clothes","product","jo-malone-4","https://sillage.asutelu.com/items/jo-malone-4","ウッドセージ &amp;amp; シーソルトの香りを見る →"
"perfume-on-clothes","product","maison-margiela-2","https://sillage.asutelu.com/items/maison-margiela-2","レイジー サンデー モーニングの香りを見る →"
"perfume-on-clothes","product","chanel-3","https://sillage.asutelu.com/items/chanel-3","チャンス オー タンドゥルの香りを見る →"
"perfume-on-clothes","article","where-to-apply-perfume","https://sillage.asutelu.com/columns/where-to-apply-perfume","香水はどこにつける？手首・首・腰・服の違い"
"perfume-on-clothes","article","too-much-perfume","https://sillage.asutelu.com/columns/too-much-perfume","香水をつけすぎた時の落とし方｜外出前・外出先の対処法"
"perfume-on-clothes","article","perfume-storage","https://sillage.asutelu.com/columns/perfume-storage","香水の正しい保存方法｜冷蔵庫・洗面所・窓際は大丈夫？"
"perfume-on-clothes","article","perfume-discoloration","https://sillage.asutelu.com/columns/perfume-discoloration","香水が変色したら使える？確認したいサイン"
"perfume-on-clothes","page","","https://sillage.asutelu.com/about.html#update-policy","編集方針・更新ポリシー"
"perfume-storage","home","","https://sillage.asutelu.com/","Sillage"
"perfume-storage","category","","https://sillage.asutelu.com/guides.html","香水コラム"
"perfume-storage","category","","https://sillage.asutelu.com/guides.html#category-care","保存・持ち運びの記事一覧"
"perfume-storage","filter","","https://sillage.asutelu.com/#fragrance-wheel","香調ホイールから香水を絞り込む"
"perfume-storage","filter","","https://sillage.asutelu.com/#find-fragrances","シーン・季節の条件から香水を絞り込む"
"perfume-storage","brand","guerlain","https://sillage.asutelu.com/brand-guerlain.html","Guerlain"
"perfume-storage","brand","dior","https://sillage.asutelu.com/brand-dior.html","Dior"
"perfume-storage","brand","tom-ford","https://sillage.asutelu.com/brand-tom-ford.html","Tom Ford"
"perfume-storage","product","guerlain-3","https://sillage.asutelu.com/items/guerlain-3","ミツコの香りを見る →"
"perfume-storage","product","dior-4","https://sillage.asutelu.com/items/dior-4","ジャドールの香りを見る →"
"perfume-storage","product","tom-ford-2","https://sillage.asutelu.com/items/tom-ford-2","オード ウッドの香りを見る →"
"perfume-storage","article","perfume-expiration","https://sillage.asutelu.com/columns/perfume-expiration","香水の使用期限は何年？開封後の目安と劣化の見分け方"
"perfume-storage","article","perfume-discoloration","https://sillage.asutelu.com/columns/perfume-discoloration","香水が変色したら使える？確認したいサイン"
"perfume-storage","article","perfume-decanting","https://sillage.asutelu.com/columns/perfume-decanting","アトマイザーへの香水の移し方｜漏れ・劣化を防ぐ注意点"
"perfume-storage","article","perfume-on-clothes","https://sillage.asutelu.com/columns/perfume-on-clothes","香水を服につけてもいい？シミ・変色・香り方の注意点"
"perfume-storage","page","","https://sillage.asutelu.com/about.html#update-policy","編集方針・更新ポリシー"
"perfume-store-comparison","home","","https://sillage.asutelu.com/","Sillage"
"perfume-store-comparison","category","","https://sillage.asutelu.com/guides.html","香水コラム"
"perfume-store-comparison","category","","https://sillage.asutelu.com/guides.html#category-buying","購入・試香の記事一覧"
"perfume-store-comparison","filter","","https://sillage.asutelu.com/#fragrance-wheel","香調ホイールから香水を絞り込む"
"perfume-store-comparison","filter","","https://sillage.asutelu.com/#find-fragrances","シーン・季節の条件から香水を絞り込む"
"perfume-store-comparison","brand","chanel","https://sillage.asutelu.com/brand-chanel.html","Chanel"
"perfume-store-comparison","brand","dior","https://sillage.asutelu.com/brand-dior.html","Dior"
"perfume-store-comparison","brand","hermes","https://sillage.asutelu.com/brand-hermes.html","Hermès"
"perfume-store-comparison","product","chanel-4","https://sillage.asutelu.com/items/chanel-4","ブルー ドゥ シャネル EDPの香りを見る →"
"perfume-store-comparison","product","dior-2","https://sillage.asutelu.com/items/dior-2","ソヴァージュ EDTの香りを見る →"
"perfume-store-comparison","product","hermes-3","https://sillage.asutelu.com/items/hermes-3","テール ド エルメスの香りを見る →"
"perfume-store-comparison","article","blotter-vs-skin","https://sillage.asutelu.com/columns/blotter-vs-skin","香水を試すなら紙と肌のどちら？"
"perfume-store-comparison","article","perfume-gift-mistakes","https://sillage.asutelu.com/columns/perfume-gift-mistakes","プレゼントで香水を選ぶ際の失敗と避け方"
"perfume-store-comparison","article","how-to-test-perfume","https://sillage.asutelu.com/columns/how-to-test-perfume","香水を店頭で試す方法｜ムエットと肌の正しい使い分け"
"perfume-store-comparison","article","perfume-gift-guide","https://sillage.asutelu.com/columns/perfume-gift-guide","香水をプレゼントする時の選び方｜失敗しにくい7つの確認"
"perfume-store-comparison","page","","https://sillage.asutelu.com/about.html#update-policy","編集方針・更新ポリシー"
"season-scene-map","home","","https://sillage.asutelu.com/","Sillage"
"season-scene-map","category","","https://sillage.asutelu.com/guides.html","香水コラム"
"season-scene-map","category","","https://sillage.asutelu.com/guides.html#category-scene","シーン・季節の記事一覧"
"season-scene-map","filter","","https://sillage.asutelu.com/#fragrance-wheel","香調ホイールから香水を絞り込む"
"season-scene-map","filter","","https://sillage.asutelu.com/#find-fragrances","シーン・季節の条件から香水を絞り込む"
"season-scene-map","brand","hermes","https://sillage.asutelu.com/brand-hermes.html","Hermès"
"season-scene-map","brand","jo-malone","https://sillage.asutelu.com/brand-jo-malone.html","Jo Malone"
"season-scene-map","brand","tom-ford","https://sillage.asutelu.com/brand-tom-ford.html","Tom Ford"
"season-scene-map","brand","bvlgari","https://sillage.asutelu.com/brand-bvlgari.html","Bvlgari"
"season-scene-map","product","hermes-3","https://sillage.asutelu.com/items/hermes-3","テール ド エルメスの香りを見る →"
"season-scene-map","product","jo-malone-1","https://sillage.asutelu.com/items/jo-malone-1","ライムバジル &amp;amp; マンダリンの香りを見る →"
"season-scene-map","product","tom-ford-1","https://sillage.asutelu.com/items/tom-ford-1","トバコ バニラの香りを見る →"
"season-scene-map","product","bvlgari-2","https://sillage.asutelu.com/items/bvlgari-2","ブルガリ プールオムの香りを見る →"
"season-scene-map","article","business-fragrance","https://sillage.asutelu.com/columns/business-fragrance","職場の香水は何プッシュ？迷惑にならない選び方とつけ方"
"season-scene-map","article","office-perfume-amount","https://sillage.asutelu.com/columns/office-perfume-amount","職場で香水が迷惑にならない量とつけ方"
"season-scene-map","article","summer-perfume-strong","https://sillage.asutelu.com/columns/summer-perfume-strong","夏に香水が強く感じる理由と選び方"
"season-scene-map","article","how-to-wear","https://sillage.asutelu.com/columns/how-to-wear","香水の正しいつけ方｜量・場所・タイミングの基本"
"season-scene-map","page","","https://sillage.asutelu.com/about.html#update-policy","編集方針・更新ポリシー"
"summer-perfume-strong","home","","https://sillage.asutelu.com/","Sillage"
"summer-perfume-strong","category","","https://sillage.asutelu.com/guides.html","香水コラム"
"summer-perfume-strong","category","","https://sillage.asutelu.com/guides.html#category-scene","シーン・季節の記事一覧"
"summer-perfume-strong","filter","","https://sillage.asutelu.com/#fragrance-wheel","香調ホイールから香水を絞り込む"
"summer-perfume-strong","filter","","https://sillage.asutelu.com/#find-fragrances","シーン・季節の条件から香水を絞り込む"
"summer-perfume-strong","brand","acqua-di-parma","https://sillage.asutelu.com/brand-acqua-di-parma.html","Acqua di Parma"
"summer-perfume-strong","brand","aesop","https://sillage.asutelu.com/brand-aesop.html","Aesop"
"summer-perfume-strong","brand","hermes","https://sillage.asutelu.com/brand-hermes.html","Hermès"
"summer-perfume-strong","product","acqua-di-parma-2","https://sillage.asutelu.com/items/acqua-di-parma-2","ブルー メディテラネオ アランチャの香りを見る →"
"summer-perfume-strong","product","aesop-1","https://sillage.asutelu.com/items/aesop-1","タシットの香りを見る →"
"summer-perfume-strong","product","hermes-2","https://sillage.asutelu.com/items/hermes-2","オー ドランジュ ヴェルトの香りを見る →"
"summer-perfume-strong","article","business-fragrance","https://sillage.asutelu.com/columns/business-fragrance","職場の香水は何プッシュ？迷惑にならない選び方とつけ方"
"summer-perfume-strong","article","season-scene-map","https://sillage.asutelu.com/columns/season-scene-map","季節×シーンで選ぶメンズ香水マップ"
"summer-perfume-strong","article","office-perfume-amount","https://sillage.asutelu.com/columns/office-perfume-amount","職場で香水が迷惑にならない量とつけ方"
"summer-perfume-strong","article","how-to-wear","https://sillage.asutelu.com/columns/how-to-wear","香水の正しいつけ方｜量・場所・タイミングの基本"
"summer-perfume-strong","page","","https://sillage.asutelu.com/about.html#update-policy","編集方針・更新ポリシー"
"tomford-vs-creed","home","","https://sillage.asutelu.com/","Sillage"
"tomford-vs-creed","category","","https://sillage.asutelu.com/guides.html","香水コラム"
"tomford-vs-creed","category","","https://sillage.asutelu.com/guides.html#category-comparison","ブランド・商品比較の記事一覧"
"tomford-vs-creed","filter","","https://sillage.asutelu.com/#fragrance-wheel","香調ホイールから香水を絞り込む"
"tomford-vs-creed","filter","","https://sillage.asutelu.com/#find-fragrances","シーン・季節の条件から香水を絞り込む"
"tomford-vs-creed","brand","tom-ford","https://sillage.asutelu.com/brand-tom-ford.html","Tom Ford"
"tomford-vs-creed","brand","creed","https://sillage.asutelu.com/brand-creed.html","Creed"
"tomford-vs-creed","brand","dior","https://sillage.asutelu.com/brand-dior.html","Dior"
"tomford-vs-creed","product","tom-ford-1","https://sillage.asutelu.com/items/tom-ford-1","トバコ バニラの香りを見る →"
"tomford-vs-creed","product","creed-1","https://sillage.asutelu.com/items/creed-1","アバントゥスの香りを見る →"
"tomford-vs-creed","product","tom-ford-2","https://sillage.asutelu.com/items/tom-ford-2","オード ウッドの香りを見る →"
"tomford-vs-creed","product","dior-6","https://sillage.asutelu.com/items/dior-6","ファーレンハイトの香りを見る →"
"tomford-vs-creed","article","chanel-vs-dior","https://sillage.asutelu.com/columns/chanel-vs-dior","シャネルとディオール、パリ二大メゾンの違い"
"tomford-vs-creed","article","lelabo-vs-jomalone","https://sillage.asutelu.com/columns/lelabo-vs-jomalone","ル ラボとジョー マローン、現代ニッチの2大スター"
"tomford-vs-creed","article","aesop-vs-diptyque","https://sillage.asutelu.com/columns/aesop-vs-diptyque","アエソップとディプティック、ナチュラル系ニッチの本流"
"tomford-vs-creed","article","margiela-vs-byredo","https://sillage.asutelu.com/columns/margiela-vs-byredo","マルジェラとバイレード、モダンニッチの新世代"
"tomford-vs-creed","page","","https://sillage.asutelu.com/about.html#update-policy","編集方針・更新ポリシー"
"too-much-perfume","home","","https://sillage.asutelu.com/","Sillage"
"too-much-perfume","category","","https://sillage.asutelu.com/guides.html","香水コラム"
"too-much-perfume","category","","https://sillage.asutelu.com/guides.html#category-trouble","失敗・トラブルの記事一覧"
"too-much-perfume","filter","","https://sillage.asutelu.com/#fragrance-wheel","香調ホイールから香水を絞り込む"
"too-much-perfume","filter","","https://sillage.asutelu.com/#find-fragrances","シーン・季節の条件から香水を絞り込む"
"too-much-perfume","brand","shiro","https://sillage.asutelu.com/brand-shiro.html","SHIRO"
"too-much-perfume","brand","bvlgari","https://sillage.asutelu.com/brand-bvlgari.html","Bvlgari"
"too-much-perfume","brand","jo-malone","https://sillage.asutelu.com/brand-jo-malone.html","Jo Malone"
"too-much-perfume","product","shiro-1","https://sillage.asutelu.com/items/shiro-1","サボン オードパルファンの香りを見る →"
"too-much-perfume","product","bvlgari-2","https://sillage.asutelu.com/items/bvlgari-2","ブルガリ プールオムの香りを見る →"
"too-much-perfume","product","jo-malone-1","https://sillage.asutelu.com/items/jo-malone-1","ライムバジル &amp;amp; マンダリンの香りを見る →"
"too-much-perfume","article","how-many-sprays","https://sillage.asutelu.com/columns/how-many-sprays","香水は何プッシュが正解？濃度・場所・場面別の目安"
"too-much-perfume","article","where-to-apply-perfume","https://sillage.asutelu.com/columns/where-to-apply-perfume","香水はどこにつける？手首・首・腰・服の違い"
"too-much-perfume","article","why-cant-smell-own-perfume","https://sillage.asutelu.com/columns/why-cant-smell-own-perfume","香水の匂いが自分で分からない理由｜つけ足す前に知る嗅覚順応"
"too-much-perfume","article","perfume-on-clothes","https://sillage.asutelu.com/columns/perfume-on-clothes","香水を服につけてもいい？シミ・変色・香り方の注意点"
"too-much-perfume","page","","https://sillage.asutelu.com/about.html#update-policy","編集方針・更新ポリシー"
"where-to-apply-perfume","home","","https://sillage.asutelu.com/","Sillage"
"where-to-apply-perfume","category","","https://sillage.asutelu.com/guides.html","香水コラム"
"where-to-apply-perfume","category","","https://sillage.asutelu.com/guides.html#category-how-to","つけ方・使い方の記事一覧"
"where-to-apply-perfume","filter","","https://sillage.asutelu.com/#fragrance-wheel","香調ホイールから香水を絞り込む"
"where-to-apply-perfume","filter","","https://sillage.asutelu.com/#find-fragrances","シーン・季節の条件から香水を絞り込む"
"where-to-apply-perfume","brand","shiro","https://sillage.asutelu.com/brand-shiro.html","SHIRO"
"where-to-apply-perfume","brand","jo-malone","https://sillage.asutelu.com/brand-jo-malone.html","Jo Malone"
"where-to-apply-perfume","brand","aesop","https://sillage.asutelu.com/brand-aesop.html","Aesop"
"where-to-apply-perfume","product","shiro-1","https://sillage.asutelu.com/items/shiro-1","サボン オードパルファンの香りを見る →"
"where-to-apply-perfume","product","jo-malone-1","https://sillage.asutelu.com/items/jo-malone-1","ライムバジル &amp;amp; マンダリンの香りを見る →"
"where-to-apply-perfume","product","aesop-1","https://sillage.asutelu.com/items/aesop-1","タシットの香りを見る →"
"where-to-apply-perfume","article","how-to-wear","https://sillage.asutelu.com/columns/how-to-wear","香水の正しいつけ方｜量・場所・タイミングの基本"
"where-to-apply-perfume","article","how-many-sprays","https://sillage.asutelu.com/columns/how-many-sprays","香水は何プッシュが正解？濃度・場所・場面別の目安"
"where-to-apply-perfume","article","perfume-on-clothes","https://sillage.asutelu.com/columns/perfume-on-clothes","香水を服につけてもいい？シミ・変色・香り方の注意点"
"where-to-apply-perfume","article","too-much-perfume","https://sillage.asutelu.com/columns/too-much-perfume","香水をつけすぎた時の落とし方｜外出前・外出先の対処法"
"where-to-apply-perfume","page","","https://sillage.asutelu.com/about.html#update-policy","編集方針・更新ポリシー"
"why-cant-smell-own-perfume","home","","https://sillage.asutelu.com/","Sillage"
"why-cant-smell-own-perfume","category","","https://sillage.asutelu.com/guides.html","香水コラム"
"why-cant-smell-own-perfume","category","","https://sillage.asutelu.com/guides.html#category-trouble","失敗・トラブルの記事一覧"
"why-cant-smell-own-perfume","filter","","https://sillage.asutelu.com/#fragrance-wheel","香調ホイールから香水を絞り込む"
"why-cant-smell-own-perfume","filter","","https://sillage.asutelu.com/#find-fragrances","シーン・季節の条件から香水を絞り込む"
"why-cant-smell-own-perfume","brand","le-labo","https://sillage.asutelu.com/brand-le-labo.html","Le Labo"
"why-cant-smell-own-perfume","brand","maison-margiela","https://sillage.asutelu.com/brand-maison-margiela.html","Maison Margiela"
"why-cant-smell-own-perfume","brand","shiro","https://sillage.asutelu.com/brand-shiro.html","SHIRO"
"why-cant-smell-own-perfume","product","le-labo-2","https://sillage.asutelu.com/items/le-labo-2","アナザー 13の香りを見る →"
"why-cant-smell-own-perfume","product","maison-margiela-2","https://sillage.asutelu.com/items/maison-margiela-2","レイジー サンデー モーニングの香りを見る →"
"why-cant-smell-own-perfume","product","shiro-1","https://sillage.asutelu.com/items/shiro-1","サボン オードパルファンの香りを見る →"
"why-cant-smell-own-perfume","article","how-many-sprays","https://sillage.asutelu.com/columns/how-many-sprays","香水は何プッシュが正解？濃度・場所・場面別の目安"
"why-cant-smell-own-perfume","article","too-much-perfume","https://sillage.asutelu.com/columns/too-much-perfume","香水をつけすぎた時の落とし方｜外出前・外出先の対処法"
"why-cant-smell-own-perfume","article","make-perfume-last-longer","https://sillage.asutelu.com/columns/make-perfume-last-longer","香水がすぐ消えるのはなぜ？長持ちさせる7つの方法"
"why-cant-smell-own-perfume","article","how-to-wear","https://sillage.asutelu.com/columns/how-to-wear","香水の正しいつけ方｜量・場所・タイミングの基本"
"why-cant-smell-own-perfume","page","","https://sillage.asutelu.com/about.html#update-policy","編集方針・更新ポリシー"
"why-margiela-replica","home","","https://sillage.asutelu.com/","Sillage"
"why-margiela-replica","category","","https://sillage.asutelu.com/guides.html","香水コラム"
"why-margiela-replica","category","","https://sillage.asutelu.com/guides.html#category-comparison","ブランド・商品比較の記事一覧"
"why-margiela-replica","filter","","https://sillage.asutelu.com/#fragrance-wheel","香調ホイールから香水を絞り込む"
"why-margiela-replica","filter","","https://sillage.asutelu.com/#find-fragrances","シーン・季節の条件から香水を絞り込む"
"why-margiela-replica","brand","maison-margiela","https://sillage.asutelu.com/brand-maison-margiela.html","Maison Margiela"
"why-margiela-replica","brand","byredo","https://sillage.asutelu.com/brand-byredo.html","Byredo"
"why-margiela-replica","brand","le-labo","https://sillage.asutelu.com/brand-le-labo.html","Le Labo"
"why-margiela-replica","brand","diptyque","https://sillage.asutelu.com/brand-diptyque.html","Diptyque"
"why-margiela-replica","product","maison-margiela-1","https://sillage.asutelu.com/items/maison-margiela-1","レプリカ ジャズクラブの香りを見る →"
"why-margiela-replica","product","maison-margiela-2","https://sillage.asutelu.com/items/maison-margiela-2","レイジー サンデー モーニングの香りを見る →"
"why-margiela-replica","product","byredo-1","https://sillage.asutelu.com/items/byredo-1","ジプシー ウォーターの香りを見る →"
"why-margiela-replica","product","le-labo-2","https://sillage.asutelu.com/items/le-labo-2","アナザー 13の香りを見る →"
"why-margiela-replica","article","chanel-vs-dior","https://sillage.asutelu.com/columns/chanel-vs-dior","シャネルとディオール、パリ二大メゾンの違い"
"why-margiela-replica","article","lelabo-vs-jomalone","https://sillage.asutelu.com/columns/lelabo-vs-jomalone","ル ラボとジョー マローン、現代ニッチの2大スター"
"why-margiela-replica","article","tomford-vs-creed","https://sillage.asutelu.com/columns/tomford-vs-creed","トム フォードとクリード、高級メンズの頂点を比較"
"why-margiela-replica","article","aesop-vs-diptyque","https://sillage.asutelu.com/columns/aesop-vs-diptyque","アエソップとディプティック、ナチュラル系ニッチの本流"
"why-margiela-replica","page","","https://sillage.asutelu.com/about.html#update-policy","編集方針・更新ポリシー"
