"slug","brand","product_name","score","priority","existing_english","selected_phase2","index_ready","official_source","official_link","concentration","sizes","notes_complete","release_year","family","scenes","seasons","editorial_guidance","verified_at","japan_purchasable","safe_link","rakuten_link","moshimo_link","official_price","rakuten_price","missing_required"
"chanel-2","Chanel","エゴイスト プラチナム","22","P1","no","yes","yes","yes","yes","yes","yes","yes","yes","yes","yes","yes","yes","yes","yes","yes","yes","yes","yes","yes",""
"chanel-3","Chanel","チャンス オー タンドゥル","22","P1","no","yes","yes","yes","yes","yes","yes","yes","yes","yes","yes","yes","yes","yes","yes","yes","yes","yes","yes","yes",""
"chanel-4","Chanel","ブルー ドゥ シャネル EDP","22","P1","no","yes","yes","yes","yes","yes","yes","yes","yes","yes","yes","yes","yes","yes","yes","yes","yes","yes","yes","yes",""
"chanel-6","Chanel","アンテウス","22","P1","no","yes","yes","yes","yes","yes","yes","yes","yes","yes","yes","yes","yes","yes","yes","yes","yes","yes","yes","yes",""
"dior-1","Dior","オー ソバージュ","22","P1","no","yes","yes","yes","yes","yes","yes","yes","yes","yes","yes","yes","yes","yes","yes","yes","yes","yes","yes","yes",""
"dior-3","Dior","ソヴァージュ EDP","22","P1","no","yes","yes","yes","yes","yes","yes","yes","yes","yes","yes","yes","yes","yes","yes","yes","yes","yes","yes","yes",""
"dior-4","Dior","ジャドール","22","P1","no","yes","yes","yes","yes","yes","yes","yes","yes","yes","yes","yes","yes","yes","yes","yes","yes","yes","yes","yes",""
"diptyque-1","Diptyque","タムダオ","22","P1","no","yes","yes","yes","yes","yes","yes","yes","yes","yes","yes","yes","yes","yes","yes","yes","yes","yes","yes","yes",""
"le-labo-2","Le Labo","アナザー 13","22","P1","no","yes","yes","yes","yes","yes","yes","yes","yes","yes","yes","yes","yes","yes","yes","yes","yes","yes","yes","yes",""
"dior-2","Dior","ソヴァージュ EDT","21","P1","yes","no","yes","yes","yes","yes","yes","yes","yes","yes","yes","yes","yes","yes","yes","yes","yes","yes","yes","no",""
"chanel-5","Chanel","プール ムッシュ","20","P1","no","yes","yes","yes","yes","yes","yes","yes","yes","yes","yes","yes","yes","yes","yes","yes","yes","yes","no","yes",""
"dior-5","Dior","ソヴァージュ エリクシール","20","P1","no","yes","yes","yes","yes","yes","yes","yes","yes","yes","yes","yes","yes","yes","yes","yes","yes","yes","no","yes",""
"dior-6","Dior","ファーレンハイト","20","P1","no","yes","yes","yes","yes","yes","yes","yes","yes","yes","yes","yes","yes","yes","yes","yes","yes","yes","no","yes",""
"jo-malone-1","Jo Malone","ライムバジル & マンダリン","20","P1","no","yes","yes","yes","yes","yes","yes","yes","yes","yes","yes","yes","yes","yes","yes","yes","yes","yes","no","yes",""
"jo-malone-2","Jo Malone","イングリッシュ ペアー & フリージア","20","P1","no","yes","yes","yes","yes","yes","yes","yes","yes","yes","yes","yes","yes","yes","yes","yes","yes","yes","no","yes",""
"jo-malone-3","Jo Malone","ピオニー & ブラッシュ スエード","20","P1","no","yes","yes","yes","yes","yes","yes","yes","yes","yes","yes","yes","yes","yes","yes","yes","yes","yes","no","yes",""
"jo-malone-4","Jo Malone","ウッドセージ & シーソルト","20","P1","yes","no","yes","yes","yes","yes","yes","yes","yes","yes","yes","yes","yes","yes","yes","yes","yes","yes","no","yes",""
"le-labo-1","Le Labo","サンタル 33","20","P1","yes","no","yes","yes","yes","yes","yes","yes","yes","yes","yes","yes","yes","yes","yes","yes","yes","yes","no","yes",""
"maison-margiela-1","Maison Margiela","レプリカ ジャズクラブ","20","P1","yes","no","yes","yes","yes","yes","yes","yes","yes","yes","yes","yes","yes","yes","yes","yes","yes","yes","no","yes",""
"prada-2","Prada","ルオム","20","P1","no","yes","yes","yes","yes","yes","yes","yes","yes","yes","yes","yes","yes","yes","yes","yes","yes","yes","no","yes",""
"tom-ford-2","Tom Ford","オード ウッド","20","P1","no","yes","yes","yes","yes","yes","yes","yes","yes","yes","yes","yes","yes","yes","yes","yes","yes","yes","no","yes",""
"tom-ford-3","Tom Ford","ブラック オーキッド","20","P1","no","yes","yes","yes","yes","yes","yes","yes","yes","yes","yes","yes","yes","yes","yes","yes","yes","yes","no","yes",""
"creed-1","Creed","アバントゥス","19","P1","no","yes","yes","yes","yes","yes","yes","yes","yes","yes","yes","yes","yes","yes","yes","yes","yes","yes","no","no",""
"prada-1","Prada","キャンディ","19","P1","no","yes","yes","yes","yes","yes","yes","yes","yes","yes","yes","yes","yes","yes","yes","yes","yes","yes","no","no",""
"guerlain-3","Guerlain","ミツコ","19","P2","no","no","yes","yes","yes","yes","yes","yes","yes","yes","yes","yes","yes","yes","yes","yes","yes","yes","yes","yes",""
"bvlgari-2","Bvlgari","ブルガリ プールオム","18","P2","no","no","yes","yes","yes","yes","yes","yes","yes","yes","yes","yes","yes","yes","yes","yes","yes","yes","yes","no",""
"byredo-1","Byredo","ジプシー ウォーター","18","P2","no","no","yes","yes","yes","yes","yes","yes","yes","yes","yes","yes","yes","yes","yes","yes","yes","yes","yes","no",""
"acqua-di-parma-1","Acqua di Parma","コロニア","17","P2","no","no","yes","yes","yes","yes","yes","yes","yes","yes","yes","yes","yes","yes","yes","yes","yes","yes","no","yes",""
"azzaro-1","Azzaro","プール オム","17","P2","no","no","yes","yes","yes","yes","yes","yes","yes","yes","yes","yes","yes","yes","yes","yes","yes","yes","no","yes",""
"calvin-klein-1","Calvin Klein","エタニティ フォーメン","17","P2","no","no","yes","yes","yes","yes","yes","yes","yes","yes","yes","yes","yes","yes","yes","yes","yes","yes","no","yes",""
"dolce-gabbana-1","Dolce&Gabbana","ライト ブルー プールオム","17","P2","no","no","yes","yes","yes","yes","yes","yes","yes","yes","yes","yes","yes","yes","yes","yes","yes","yes","no","yes",""
"giorgio-armani-2","Giorgio Armani","アルマーニ コード","17","P2","no","no","yes","yes","yes","yes","yes","yes","yes","yes","yes","yes","yes","yes","yes","yes","yes","yes","no","yes",""
"giorgio-armani-3","Giorgio Armani","アクア ディ ジオ","17","P2","no","no","yes","yes","yes","yes","yes","yes","yes","yes","yes","yes","yes","yes","yes","yes","yes","yes","no","yes",""
"gucci-2","Gucci","ブルーム","17","P2","no","no","yes","yes","yes","yes","yes","yes","yes","yes","yes","yes","yes","yes","yes","yes","yes","yes","no","yes",""
"guerlain-1","Guerlain","オー インペリアル","17","P2","no","no","yes","yes","yes","yes","yes","yes","yes","yes","yes","yes","yes","yes","yes","yes","yes","yes","no","yes",""
"guerlain-2","Guerlain","ヴェチバー","17","P2","no","no","yes","yes","yes","yes","yes","yes","yes","yes","yes","yes","yes","yes","yes","yes","yes","yes","no","yes",""
"montblanc-1","Montblanc","レジェンド","17","P2","no","no","yes","yes","yes","yes","yes","yes","yes","yes","yes","yes","yes","yes","yes","yes","yes","yes","no","yes",""
"montblanc-2","Montblanc","エクスプローラー","17","P2","no","no","yes","yes","yes","yes","yes","yes","yes","yes","yes","yes","yes","yes","yes","yes","yes","yes","no","yes",""
"mugler-1","Mugler","エンジェル","17","P2","no","no","yes","yes","yes","yes","yes","yes","yes","yes","yes","yes","yes","yes","yes","yes","yes","yes","no","yes",""
"thierry-mugler-1","Mugler","A*MEN","17","P2","no","no","yes","yes","yes","yes","yes","yes","yes","yes","yes","yes","yes","yes","yes","yes","yes","yes","no","yes",""
"nautica-1","Nautica","ヴォヤージュ","17","P2","no","no","yes","yes","yes","yes","yes","yes","yes","yes","yes","yes","yes","yes","yes","yes","yes","yes","no","yes",""
"versace-2","Versace","ディラン ブルー","17","P2","no","no","yes","yes","yes","yes","yes","yes","yes","yes","yes","yes","yes","yes","yes","yes","yes","yes","no","yes",""
"versace-3","Versace","エロス フレイム","17","P2","no","no","yes","yes","yes","yes","yes","yes","yes","yes","yes","yes","yes","yes","yes","yes","yes","yes","no","yes",""
"viktor-rolf-1","Viktor&Rolf","スパイスボム エクストリーム","17","P2","no","no","yes","yes","yes","yes","yes","yes","yes","yes","yes","yes","yes","yes","yes","yes","yes","yes","no","yes",""
"viktor-rolf-2","Viktor&Rolf","スパイスボム","17","P2","no","no","yes","yes","yes","yes","yes","yes","yes","yes","yes","yes","yes","yes","yes","yes","yes","yes","no","yes",""
"ysl-2","YSL","リブレ オーデパルファン","17","P2","no","no","yes","yes","yes","yes","yes","yes","yes","yes","yes","yes","yes","yes","yes","yes","yes","yes","no","yes",""
"ysl-3","YSL","ブラック オピウム","17","P2","no","no","yes","yes","yes","yes","yes","yes","yes","yes","yes","yes","yes","yes","yes","yes","yes","yes","no","yes",""
"azzaro-2","Azzaro","クローム","16","P2","no","no","yes","yes","yes","yes","yes","yes","yes","yes","yes","yes","yes","yes","yes","yes","yes","yes","no","no",""
"hugo-boss-1","Hugo Boss","ボス ボトルド","16","P2","no","no","yes","yes","yes","yes","yes","yes","yes","yes","yes","yes","yes","yes","yes","yes","yes","yes","no","no",""
"marc-jacobs-1","Marc Jacobs","デイジー","16","P2","no","no","yes","yes","yes","yes","yes","yes","yes","yes","yes","yes","yes","yes","yes","yes","yes","yes","no","no",""
"aesop-1","Aesop","タシット","18","P3","yes","no","no","yes","yes","yes","yes","yes","no","yes","yes","yes","yes","yes","yes","yes","yes","yes","yes","yes","releaseYear"
"chanel-1","Chanel","アリュール オム スポーツ","20","P3","no","no","no","yes","yes","yes","yes","yes","yes","yes","yes","yes","yes","yes","yes","no","yes","yes","yes","no","safeLink"
"maison-margiela-2","Maison Margiela","レイジー サンデー モーニング","20","P3","no","no","no","yes","yes","yes","yes","yes","yes","yes","yes","yes","yes","yes","yes","no","yes","yes","yes","no","safeLink"
"shiro-1","SHIRO","サボン オードパルファン","19","P3","no","no","no","yes","yes","yes","yes","yes","no","yes","yes","yes","yes","yes","yes","no","yes","yes","yes","no","releaseYear | safeLink"
"bvlgari-1","Bvlgari","マン イン ブラック","17","P3","no","no","no","yes","yes","yes","yes","yes","yes","yes","yes","yes","yes","yes","yes","no","yes","yes","yes","no","safeLink"
"maison-francis-kurkdjian-1","Maison Francis Kurkdjian","バカラ ルージュ 540","17","P3","no","no","no","yes","yes","yes","yes","yes","yes","yes","yes","yes","yes","yes","yes","no","yes","yes","yes","no","safeLink"
"creed-2","Creed","グリーン アイリッシュ ツイード","18","P3","no","no","no","no","no","yes","yes","yes","yes","yes","yes","yes","yes","yes","yes","yes","yes","yes","no","yes","officialSource | officialLink"
"creed-3","Creed","シルバー マウンテン ウォーター","18","P3","no","no","no","no","no","yes","yes","yes","yes","yes","yes","yes","yes","yes","yes","yes","yes","yes","no","yes","officialSource | officialLink"
"creed-4","Creed","ヴァージン アイランド ウォーター","18","P3","no","no","no","no","no","yes","yes","yes","yes","yes","yes","yes","yes","yes","yes","yes","yes","yes","no","yes","officialSource | officialLink"
"creed-5","Creed","アバントゥス コロン","18","P3","no","no","no","no","no","yes","yes","yes","yes","yes","yes","yes","yes","yes","yes","yes","yes","yes","no","yes","officialSource | officialLink"
"creed-6","Creed","ミレジム インペリアル","18","P3","no","no","no","no","no","yes","yes","yes","yes","yes","yes","yes","yes","yes","yes","yes","yes","yes","no","yes","officialSource | officialLink"
"creed-7","Creed","ボワ ドゥ ポルトガル","18","P3","no","no","no","no","no","yes","yes","yes","yes","yes","yes","yes","yes","yes","yes","yes","yes","yes","no","yes","officialSource | officialLink"
"diptyque-2","Diptyque","オルフェオン","18","P3","no","no","no","no","no","yes","yes","yes","yes","yes","yes","yes","yes","yes","yes","yes","yes","yes","no","yes","officialSource | officialLink"
"diptyque-3","Diptyque","フィロシコス","18","P3","no","no","no","no","no","yes","yes","yes","yes","yes","yes","yes","yes","yes","yes","yes","yes","yes","no","yes","officialSource | officialLink"
"diptyque-4","Diptyque","ドソン","18","P3","no","no","no","no","no","yes","yes","yes","yes","yes","yes","yes","yes","yes","yes","yes","yes","yes","no","yes","officialSource | officialLink"
"diptyque-5","Diptyque","フルール ドゥ ポー","18","P3","no","no","no","no","no","yes","yes","yes","yes","yes","yes","yes","yes","yes","yes","yes","yes","yes","no","yes","officialSource | officialLink"
"jo-malone-5","Jo Malone","ミルラ & トンカ","18","P3","no","no","no","no","no","yes","yes","yes","yes","yes","yes","yes","yes","yes","yes","yes","yes","yes","no","yes","officialSource | officialLink"
"maison-margiela-3","Maison Margiela","レプリカ セーリング デイ","18","P3","no","no","no","no","no","yes","yes","yes","yes","yes","yes","yes","yes","yes","yes","yes","yes","yes","no","yes","officialSource | officialLink"
"maison-margiela-4","Maison Margiela","レプリカ ネバーエンディング サマー","18","P3","no","no","no","no","no","yes","yes","yes","yes","yes","yes","yes","yes","yes","yes","yes","yes","yes","no","yes","officialSource | officialLink"
"prada-3","Prada","ルナロッサ カーボン","18","P3","no","no","no","no","no","yes","yes","yes","yes","yes","yes","yes","yes","yes","yes","yes","yes","yes","no","yes","officialSource | officialLink"
"prada-4","Prada","インフュージョン ディリス","18","P3","no","no","no","no","no","yes","yes","yes","yes","yes","yes","yes","yes","yes","yes","yes","yes","yes","no","yes","officialSource | officialLink"
"prada-5","Prada","ルナ ロッサ オーシャン","18","P3","no","no","no","no","no","yes","yes","yes","yes","yes","yes","yes","yes","yes","yes","yes","yes","yes","no","yes","officialSource | officialLink"
"prada-6","Prada","ルナ ロッサ ブラック","18","P3","no","no","no","no","no","yes","yes","yes","yes","yes","yes","yes","yes","yes","yes","yes","yes","yes","no","yes","officialSource | officialLink"
"tom-ford-4","Tom Ford","ネロリ ポルトフィーノ","18","P3","no","no","no","no","no","yes","yes","yes","yes","yes","yes","yes","yes","yes","yes","yes","yes","yes","no","yes","officialSource | officialLink"
"tom-ford-5","Tom Ford","ノワール エクストリーム","18","P3","no","no","no","no","no","yes","yes","yes","yes","yes","yes","yes","yes","yes","yes","yes","yes","yes","no","yes","officialSource | officialLink"
"tom-ford-6","Tom Ford","グレー ヴェチバー","18","P3","no","no","no","no","no","yes","yes","yes","yes","yes","yes","yes","yes","yes","yes","yes","yes","yes","no","yes","officialSource | officialLink"
"tom-ford-7","Tom Ford","タバコ バニラ","18","P3","no","no","no","no","no","yes","yes","yes","yes","yes","yes","yes","yes","yes","yes","yes","yes","yes","no","yes","officialSource | officialLink"
"giorgio-armani-1","Giorgio Armani","ストロンガー ウィズ ユー","16","P3","no","no","no","yes","no","yes","yes","yes","yes","yes","yes","yes","yes","yes","yes","yes","yes","yes","no","yes","officialLink"
"glossier-1","Glossier","ユー","16","P3","no","no","no","yes","yes","no","yes","yes","yes","yes","yes","yes","yes","yes","yes","yes","yes","yes","no","yes","concentration"
"hermes-2","Hermès","オー ドランジュ ヴェルト","16","P3","no","no","no","yes","no","yes","yes","yes","yes","yes","yes","yes","yes","yes","yes","yes","yes","yes","no","yes","officialLink"
"hugo-boss-2","Hugo Boss","ボス ボトルド ナイト","15","P3","no","no","no","no","no","yes","yes","yes","yes","yes","yes","yes","yes","yes","yes","yes","yes","yes","no","yes","officialSource | officialLink"
"hugo-boss-3","Hugo Boss","ボス ボトルド インフィニット","15","P3","no","no","no","no","no","yes","yes","yes","yes","yes","yes","yes","yes","yes","yes","yes","yes","yes","no","yes","officialSource | officialLink"
"loewe-1","Loewe","001 マン","15","P3","no","no","no","no","no","yes","yes","yes","yes","yes","yes","yes","yes","yes","yes","yes","yes","yes","no","yes","officialSource | officialLink"
"loewe-2","Loewe","エセンシア","15","P3","no","no","no","no","no","yes","yes","yes","yes","yes","yes","yes","yes","yes","yes","yes","yes","yes","no","yes","officialSource | officialLink"
"maison-francis-kurkdjian-2","Maison Francis Kurkdjian","アクア ユニヴェルサリス","15","P3","no","no","no","no","no","yes","yes","yes","yes","yes","yes","yes","yes","yes","yes","yes","yes","yes","no","yes","officialSource | officialLink"
"maison-francis-kurkdjian-3","Maison Francis Kurkdjian","アミリス プールオム","15","P3","no","no","no","no","no","yes","yes","yes","yes","yes","yes","yes","yes","yes","yes","yes","yes","yes","no","yes","officialSource | officialLink"
"maison-francis-kurkdjian-4","Maison Francis Kurkdjian","アクア ヴィタエ フォルテ","15","P3","no","no","no","no","no","yes","yes","yes","yes","yes","yes","yes","yes","yes","yes","yes","yes","yes","no","yes","officialSource | officialLink"
"maison-francis-kurkdjian-5","Maison Francis Kurkdjian","アクア セレスティア","15","P3","no","no","no","no","no","yes","yes","yes","yes","yes","yes","yes","yes","yes","yes","yes","yes","yes","no","yes","officialSource | officialLink"
"maison-francis-kurkdjian-6","Maison Francis Kurkdjian","アクア セレスティア コローニュ フォルテ","15","P3","no","no","no","no","no","yes","yes","yes","yes","yes","yes","yes","yes","yes","yes","yes","yes","yes","no","yes","officialSource | officialLink"
"maison-francis-kurkdjian-7","Maison Francis Kurkdjian","バカラ ルージュ 540 エキストレ ドゥ パルファム","15","P3","no","no","no","no","no","yes","yes","yes","yes","yes","yes","yes","yes","yes","yes","yes","yes","yes","no","yes","officialSource | officialLink"
"ralph-lauren-1","Ralph Lauren","サファリ フォーメン","15","P3","no","no","no","no","no","yes","yes","yes","yes","yes","yes","yes","yes","yes","yes","yes","yes","yes","no","yes","officialSource | officialLink"
"ralph-lauren-2","Ralph Lauren","ポロ","15","P3","no","no","no","no","no","yes","yes","yes","yes","yes","yes","yes","yes","yes","yes","yes","yes","yes","no","yes","officialSource | officialLink"
"ralph-lauren-3","Ralph Lauren","ポロ ブルー","15","P3","no","no","no","no","no","yes","yes","yes","yes","yes","yes","yes","yes","yes","yes","yes","yes","yes","no","yes","officialSource | officialLink"
"ralph-lauren-4","Ralph Lauren","ポロ レッド","15","P3","no","no","no","no","no","yes","yes","yes","yes","yes","yes","yes","yes","yes","yes","yes","yes","yes","no","yes","officialSource | officialLink"
"ralph-lauren-5","Ralph Lauren","ラルフズ クラブ","15","P3","no","no","no","no","no","yes","yes","yes","yes","yes","yes","yes","yes","yes","yes","yes","yes","yes","no","yes","officialSource | officialLink"
"ralph-lauren-6","Ralph Lauren","ラルフズ クラブ パルファム","15","P3","no","no","no","no","no","yes","yes","yes","yes","yes","yes","yes","yes","yes","yes","yes","yes","yes","no","yes","officialSource | officialLink"
"ysl-6","YSL","MYSLF オーデパルファム","15","P3","no","no","no","no","no","yes","yes","yes","yes","yes","yes","yes","yes","yes","yes","yes","yes","yes","no","yes","officialSource | officialLink"
"ysl-7","YSL","MYSLF ルパルファム","15","P3","no","no","no","no","no","yes","yes","yes","yes","yes","yes","yes","yes","yes","yes","yes","yes","yes","no","yes","officialSource | officialLink"
"ysl-8","YSL","MYSLF ラブソリュ","15","P3","no","no","no","no","no","yes","yes","yes","yes","yes","yes","yes","yes","yes","yes","yes","yes","yes","no","yes","officialSource | officialLink"
"aramis-1","Aramis","アラミス","14","P3","no","no","no","no","no","no","yes","yes","yes","yes","yes","yes","yes","yes","yes","yes","yes","yes","no","yes","officialSource | officialLink | concentration"
"bvlgari-3","Bvlgari","アクア プールオム","14","P3","no","no","no","no","no","no","yes","yes","yes","yes","yes","yes","yes","yes","yes","yes","yes","yes","no","yes","officialSource | officialLink | concentration"
"loewe-4","Loewe","アグア ドロップ","14","P3","no","no","no","no","no","yes","yes","yes","no","yes","yes","yes","yes","yes","yes","yes","yes","yes","no","yes","officialSource | officialLink | releaseYear"
"narciso-rodriguez-1","Narciso Rodriguez","フォー ハー","14","P3","no","no","no","no","no","no","yes","yes","yes","yes","yes","yes","yes","yes","yes","yes","yes","yes","no","yes","officialSource | officialLink | concentration"
"paco-rabanne-1","Paco Rabanne","プール オム","14","P3","no","no","no","no","no","no","yes","yes","yes","yes","yes","yes","yes","yes","yes","yes","yes","yes","no","yes","officialSource | officialLink | concentration"
"dior-7","Dior","ディオール オム","18","P3","no","no","no","yes","yes","yes","yes","yes","yes","yes","yes","yes","yes","yes","yes","no","yes","yes","no","no","safeLink"
"jo-malone-6","Jo Malone","ポメグラネート ノアール","16","P3","no","no","no","no","no","yes","no","yes","yes","yes","yes","yes","yes","yes","yes","yes","yes","yes","no","no","officialSource | officialLink | sizes"
"maison-margiela-5","Maison Margiela","バイ ザ ファイヤープレイス","16","P3","no","no","no","no","no","yes","no","yes","yes","yes","yes","yes","yes","yes","yes","yes","yes","yes","no","no","officialSource | officialLink | sizes"
"maison-margiela-6","Maison Margiela","ビーチ ウォーク","16","P3","no","no","no","no","no","yes","no","yes","yes","yes","yes","yes","yes","yes","yes","yes","yes","yes","no","no","officialSource | officialLink | sizes"
"maison-margiela-7","Maison Margiela","コーヒー ブレイク","16","P3","no","no","no","no","no","yes","no","yes","yes","yes","yes","yes","yes","yes","yes","yes","yes","yes","no","no","officialSource | officialLink | sizes"
"prada-7","Prada","ルオム インテンス","16","P3","no","no","no","no","no","yes","no","yes","yes","yes","yes","yes","yes","yes","yes","yes","yes","yes","no","no","officialSource | officialLink | sizes"
"4711-1","4711","オーデコロン","15","P3","no","no","no","yes","yes","yes","yes","yes","yes","yes","yes","yes","yes","yes","yes","no","yes","yes","no","no","safeLink"
"acqua-di-parma-2","Acqua di Parma","ブルー メディテラネオ アランチャ","15","P3","no","no","no","yes","yes","yes","yes","yes","yes","yes","yes","yes","yes","yes","yes","no","yes","yes","no","no","safeLink"
"carolina-herrera-1","Carolina Herrera","バッドボーイ","15","P3","no","no","no","yes","yes","yes","yes","yes","yes","yes","yes","yes","yes","yes","yes","no","yes","yes","no","no","safeLink"
"davidoff-1","Davidoff","クール ウォーター","15","P3","no","no","no","yes","yes","yes","yes","yes","yes","yes","yes","yes","yes","yes","yes","no","yes","yes","no","no","safeLink"
"gucci-1","Gucci","ギルティ プールオム","15","P3","no","no","no","yes","yes","yes","yes","yes","yes","yes","yes","yes","yes","yes","yes","no","yes","yes","no","no","safeLink"
"versace-1","Versace","エロス EDT","15","P3","no","no","no","yes","yes","yes","yes","yes","yes","yes","yes","yes","yes","yes","yes","no","yes","yes","no","no","safeLink"
"versace-4","Versace","プールオム","15","P3","no","no","no","yes","yes","yes","yes","yes","no","yes","yes","yes","yes","yes","yes","yes","yes","yes","no","no","releaseYear"
"ck-1","Calvin Klein","CK one","14","P3","no","no","no","yes","no","yes","yes","yes","yes","yes","yes","yes","yes","yes","yes","no","yes","yes","no","no","officialLink | safeLink"
"loewe-3","Loewe","アグア エル クラシコ","14","P3","no","no","no","no","no","yes","yes","yes","yes","yes","yes","yes","yes","yes","yes","yes","yes","yes","no","no","officialSource | officialLink"
"lacoste-l1212-blanc-eau-fraiche-edt-50","Lacoste","オーデ ラコステ L.12.12 ブラン オーフレッシュ EDT 50mL","12","excluded","no","no","no","yes","no","yes","yes","yes","no","yes","no","no","no","yes","yes","yes","yes","yes","no","yes","officialLink | releaseYear | scenes | seasons | editorial"
"lacoste-l1212-blanc-eau-intense-edt-100","Lacoste","オーデ ラコステ L.12.12 ブラン オーインテンス EDT 100mL","12","excluded","no","no","no","yes","no","yes","yes","yes","no","yes","no","no","no","yes","yes","yes","yes","yes","no","yes","officialLink | releaseYear | scenes | seasons | editorial"
"lacoste-l1212-blanc-edp-50","Lacoste","オーデ ラコステ L.12.12 ブラン EDP 50mL","12","excluded","no","no","no","yes","no","yes","yes","yes","no","yes","no","no","no","yes","yes","yes","yes","yes","no","yes","officialLink | releaseYear | scenes | seasons | editorial"
"lacoste-l1212-blanc-edt-50","Lacoste","オーデ ラコステ L.12.12 ブラン EDT 50mL","12","excluded","no","no","no","yes","no","yes","yes","yes","no","yes","no","no","no","yes","yes","yes","yes","yes","no","yes","officialLink | releaseYear | scenes | seasons | editorial"
"acqua-di-parma-3","Acqua di Parma","コロニア インテンサ","13","excluded","no","no","no","no","no","yes","no","yes","yes","yes","yes","yes","yes","yes","yes","yes","yes","yes","no","no","officialSource | officialLink | sizes"
"acqua-di-parma-4","Acqua di Parma","コロニア クラブ","13","excluded","no","no","no","no","no","yes","no","yes","yes","yes","yes","yes","yes","yes","yes","yes","yes","yes","no","no","officialSource | officialLink | sizes"
"acqua-di-parma-5","Acqua di Parma","ブルー メディテラネオ ベルガモット ディ カラブリア","13","excluded","no","no","no","no","no","yes","no","yes","yes","yes","yes","yes","yes","yes","yes","yes","yes","yes","no","no","officialSource | officialLink | sizes"
"bvlgari-4","Bvlgari","マン ウッド エッセンス","13","excluded","no","no","no","no","no","yes","no","yes","yes","yes","yes","yes","yes","yes","yes","yes","yes","yes","no","no","officialSource | officialLink | sizes"
"bvlgari-5","Bvlgari","マン レイン エッセンス","13","excluded","no","no","no","no","no","yes","no","yes","yes","yes","yes","yes","yes","yes","yes","yes","yes","yes","no","no","officialSource | officialLink | sizes"
"bvlgari-6","Bvlgari","マン ウッド ネロリ","13","excluded","no","no","no","no","no","yes","no","yes","yes","yes","yes","yes","yes","yes","yes","yes","yes","yes","no","no","officialSource | officialLink | sizes"
"dunhill-2","Dunhill","デザイア フォーメン","13","excluded","no","no","no","no","no","yes","no","yes","yes","yes","yes","yes","yes","yes","yes","yes","yes","yes","no","no","officialSource | officialLink | sizes"
"giorgio-armani-4","Giorgio Armani","ストロンガー ウィズ ユー インテンスリー","13","excluded","no","no","no","no","no","yes","no","yes","yes","yes","yes","yes","yes","yes","yes","yes","yes","yes","no","no","officialSource | officialLink | sizes"
"gucci-3","Gucci","ギルティ アブソリュート プールオム","13","excluded","no","no","no","no","no","yes","no","yes","yes","yes","yes","yes","yes","yes","yes","yes","yes","yes","no","no","officialSource | officialLink | sizes"
"gucci-4","Gucci","ギルティ エリクシール ドゥ パルファム プールオム","13","excluded","no","no","no","no","no","yes","no","yes","yes","yes","yes","yes","yes","yes","yes","yes","yes","yes","no","no","officialSource | officialLink | sizes"
"gucci-5","Gucci","ギルティ プールオム オードパルファム","13","excluded","no","no","no","no","no","yes","no","yes","yes","yes","yes","yes","yes","yes","yes","yes","yes","yes","no","no","officialSource | officialLink | sizes"
"gucci-6","Gucci","ギルティ ラブ エディション プールオム","13","excluded","no","no","no","no","no","yes","no","yes","yes","yes","yes","yes","yes","yes","yes","yes","yes","yes","no","no","officialSource | officialLink | sizes"
"guerlain-4","Guerlain","ロム イデアル エクストレム","13","excluded","no","no","no","no","no","yes","no","yes","yes","yes","yes","yes","yes","yes","yes","yes","yes","yes","no","no","officialSource | officialLink | sizes"
"guerlain-5","Guerlain","アビ ルージュ","13","excluded","no","no","no","no","no","yes","no","yes","yes","yes","yes","yes","yes","yes","yes","yes","yes","yes","no","no","officialSource | officialLink | sizes"
"guerlain-6","Guerlain","ゲラン オム","13","excluded","no","no","no","no","no","yes","no","yes","yes","yes","yes","yes","yes","yes","yes","yes","yes","yes","no","no","officialSource | officialLink | sizes"
"hugo-boss-4","Hugo Boss","ボス ボトルド エリクサー インテンス","13","excluded","no","no","no","no","no","yes","no","yes","yes","yes","yes","yes","yes","yes","yes","yes","yes","yes","no","no","officialSource | officialLink | sizes"
"hugo-boss-5","Hugo Boss","ボス ザ セント","13","excluded","no","no","no","no","no","yes","no","yes","yes","yes","yes","yes","yes","yes","yes","yes","yes","yes","no","no","officialSource | officialLink | sizes"
"hugo-boss-6","Hugo Boss","ヒューゴ マン","13","excluded","no","no","no","no","no","yes","no","yes","yes","yes","yes","yes","yes","yes","yes","yes","yes","yes","no","no","officialSource | officialLink | sizes"
"loewe-5","Loewe","ソロ ロエベ セドロ","13","excluded","no","no","no","no","no","yes","no","yes","yes","yes","yes","yes","yes","yes","yes","yes","yes","yes","no","no","officialSource | officialLink | sizes"
"loewe-6","Loewe","アグア デ ロエベ エル","13","excluded","no","no","no","no","no","yes","no","yes","yes","yes","yes","yes","yes","yes","yes","yes","yes","yes","no","no","officialSource | officialLink | sizes"
"versace-5","Versace","エロス エナジー","13","excluded","no","no","no","no","no","yes","no","yes","yes","yes","yes","yes","yes","yes","yes","yes","yes","yes","no","no","officialSource | officialLink | sizes"
"versace-6","Versace","エロス パルファム","13","excluded","no","no","no","no","no","yes","no","yes","yes","yes","yes","yes","yes","yes","yes","yes","yes","yes","no","no","officialSource | officialLink | sizes"
"ysl-9","YSL","ラ ニュイ ド ロム","13","excluded","no","no","no","no","no","yes","no","yes","yes","yes","yes","yes","yes","yes","yes","yes","yes","yes","no","no","officialSource | officialLink | sizes"
"dunhill-1","Dunhill","アイコン","12","excluded","no","no","no","no","no","no","no","yes","yes","yes","yes","yes","yes","yes","yes","yes","yes","yes","no","no","officialSource | officialLink | concentration | sizes"
"lacoste-5","Lacoste","L.12.12 ノワール","12","excluded","no","no","no","no","no","yes","no","yes","yes","yes","yes","yes","yes","yes","yes","no","yes","yes","no","no","officialSource | officialLink | sizes | safeLink"
"paco-rabanne-3","Paco Rabanne","インヴィクタス","11","excluded","no","no","no","no","no","no","no","yes","yes","yes","yes","yes","yes","yes","yes","no","yes","yes","no","no","officialSource | officialLink | concentration | sizes | safeLink"
"narciso-rodriguez-2","Narciso Rodriguez","フォー ヒム","7","excluded","no","no","no","no","no","no","no","yes","yes","yes","yes","yes","yes","yes","no","no","no","no","no","no","officialSource | officialLink | concentration | sizes | rakuten | japanPurchasable | safeLink"
